{
    "type": "FeatureCollection",
    "generator": "overpass-turbo",
    "copyright": "The data included in this document is from www.openstreetmap.org. The data is made available under ODbL.",
    "timestamp": "2025-04-15T08:37:29Z",
    "features": [
      {
        "type": "Feature",
        "properties": {
          "@id": "way/17496261",
          "highway": "tertiary",
          "lit": "yes",
          "name": "景安路",
          "name:en": "Jing-an Road",
          "name:zh": "景安路",
          "surface": "asphalt"
        },
        "geometry": {
          "type": "LineString",
          "coordinates": [
            [
              121.5059632,
              24.9968185
            ],
            [
              121.5058771,
              24.9966638
            ],
            [
              121.5058478,
              24.9966049
            ],
            [
              121.5057802,
              24.9963892
            ],
            [
              121.5057345,
              24.9962282
            ],
            [
              121.5055724,
              24.9956528
            ]
          ]
        },
        "id": "way/17496261"
      },
      {
        "type": "Feature",
        "properties": {
          "@id": "way/29564479",
          "cycleway:both": "no",
          "highway": "tertiary",
          "lanes": "2",
          "lit": "yes",
          "name": "中山路一段",
          "name:en": "Section 1 Zhongshan Road",
          "name:zh": "中山路一段",
          "oneway": "yes",
          "ref": "北88",
          "ref:en": "TP88",
          "ref:zh": "北88",
          "sidewalk": "right",
          "surface": "asphalt"
        },
        "geometry": {
          "type": "LineString",
          "coordinates": [
            [
              121.5085076,
              25.0082769
            ],
            [
              121.5089074,
              25.0085967
            ],
            [
              121.5092913,
              25.0089241
            ],
            [
              121.5100702,
              25.0095558
            ],
            [
              121.5106699,
              25.0100415
            ],
            [
              121.5109095,
              25.0102388
            ],
            [
              121.5112703,
              25.0105359
            ],
            [
              121.511308,
              25.010567
            ],
            [
              121.5116026,
              25.0106893
            ],
            [
              121.5116406,
              25.0107051
            ],
            [
              121.5117622,
              25.0107303
            ],
            [
              121.5120128,
              25.0107582
            ],
            [
              121.5123557,
              25.0107264
            ],
            [
              121.5128378,
              25.0106277
            ],
            [
              121.5130833,
              25.0105775
            ],
            [
              121.5131572,
              25.0105637
            ],
            [
              121.5138029,
              25.0104432
            ],
            [
              121.5138578,
              25.0104329
            ],
            [
              121.5145049,
              25.0103088
            ]
          ]
        },
        "id": "way/29564479"
      },
      {
        "type": "Feature",
        "properties": {
          "@id": "way/50752669",
          "cycleway:both": "no",
          "highway": "tertiary",
          "lanes": "2",
          "lit": "yes",
          "name": "環河西路二段",
          "name:en": "Section 2, Huanhe West Road",
          "name:zh": "環河西路二段",
          "oneway": "yes",
          "sidewalk": "right",
          "surface": "asphalt"
        },
        "geometry": {
          "type": "LineString",
          "coordinates": [
            [
              121.5048547,
              25.0133718
            ],
            [
              121.5050629,
              25.0135217
            ],
            [
              121.505384,
              25.0138084
            ],
            [
              121.5055593,
              25.013965
            ],
            [
              121.5057218,
              25.0141231
            ],
            [
              121.5060061,
              25.0143995
            ],
            [
              121.5062885,
              25.0146742
            ],
            [
              121.5065793,
              25.014957
            ],
            [
              121.5067393,
              25.0151126
            ],
            [
              121.5069275,
              25.0152815
            ],
            [
              121.507257,
              25.0155777
            ],
            [
              121.5073863,
              25.0156933
            ],
            [
              121.5076372,
              25.0158918
            ],
            [
              121.5078765,
              25.0160811
            ],
            [
              121.5081645,
              25.0162873
            ],
            [
              121.5084452,
              25.0164882
            ],
            [
              121.5086331,
              25.0165959
            ],
            [
              121.5093089,
              25.0169832
            ],
            [
              121.5095972,
              25.0170938
            ]
          ]
        },
        "id": "way/50752669"
      },
      {
        "type": "Feature",
        "properties": {
          "@id": "way/52515301",
          "highway": "tertiary",
          "lit": "yes",
          "maxspeed:type": "TW:urban",
          "name": "環河南路三段",
          "name:en": "Huanhe South Road Section 3",
          "name:zh": "環河南路三段",
          "oneway": "yes",
          "surface": "asphalt"
        },
        "geometry": {
          "type": "LineString",
          "coordinates": [
            [
              121.4955332,
              25.0167457
            ],
            [
              121.495445,
              25.0167951
            ],
            [
              121.4952182,
              25.0168847
            ],
            [
              121.4948559,
              25.0170437
            ],
            [
              121.4944835,
              25.0172645
            ],
            [
              121.4942188,
              25.0174913
            ],
            [
              121.4940447,
              25.017686
            ],
            [
              121.4940246,
              25.0177084
            ],
            [
              121.4939888,
              25.0177485
            ],
            [
              121.4938057,
              25.01798
            ],
            [
              121.4936163,
              25.0183537
            ],
            [
              121.4935076,
              25.018588
            ],
            [
              121.4933654,
              25.0188754
            ],
            [
              121.4931769,
              25.0193109
            ],
            [
              121.4930632,
              25.0195607
            ],
            [
              121.49286,
              25.0199953
            ],
            [
              121.4928138,
              25.0200932
            ],
            [
              121.4927036,
              25.0203268
            ],
            [
              121.492537,
              25.0207049
            ],
            [
              121.4922019,
              25.0214656
            ],
            [
              121.4920028,
              25.0219175
            ],
            [
              121.4916109,
              25.022807
            ],
            [
              121.4911027,
              25.0239608
            ],
            [
              121.4909503,
              25.0242659
            ],
            [
              121.4909145,
              25.0243376
            ],
            [
              121.4907924,
              25.0245935
            ],
            [
              121.4903271,
              25.0256441
            ],
            [
              121.489506,
              25.0274463
            ]
          ]
        },
        "id": "way/52515301"
      },
      {
        "type": "Feature",
        "properties": {
          "@id": "way/52797868",
          "highway": "tertiary",
          "lit": "yes",
          "name": "環河南路二段",
          "name:en": "Huanhe South Road Section 2",
          "name:zh": "環河南路二段",
          "oneway": "yes",
          "surface": "asphalt"
        },
        "geometry": {
          "type": "LineString",
          "coordinates": [
            [
              121.489506,
              25.0274463
            ],
            [
              121.4894607,
              25.0275498
            ],
            [
              121.4893412,
              25.0278321
            ],
            [
              121.4892248,
              25.028107
            ],
            [
              121.4891793,
              25.0282297
            ],
            [
              121.489161,
              25.0282789
            ],
            [
              121.4890859,
              25.0285693
            ]
          ]
        },
        "id": "way/52797868"
      },
      {
        "type": "Feature",
        "properties": {
          "@id": "way/60787574",
          "highway": "tertiary",
          "lanes": "2",
          "name": "莒光路",
          "name:en": "Juguang Road",
          "name:nan": "Kú-kong-lō͘",
          "name:nan-Hant": "莒光路",
          "name:nan-Latn-pehoeji": "Kú-kong-lō͘",
          "name:nan-Latn-tailo": "Kú-kong-lōo",
          "name:zh": "莒光路",
          "oneway": "yes",
          "surface": "asphalt"
        },
        "geometry": {
          "type": "LineString",
          "coordinates": [
            [
              121.496843,
              25.0310369
            ],
            [
              121.4971275,
              25.0310433
            ],
            [
              121.4972506,
              25.0310483
            ],
            [
              121.4975529,
              25.0310545
            ],
            [
              121.4982228,
              25.0310767
            ],
            [
              121.4991423,
              25.0311035
            ],
            [
              121.4994304,
              25.0311119
            ],
            [
              121.5004806,
              25.0311425
            ],
            [
              121.5005823,
              25.0311455
            ]
          ]
        },
        "id": "way/60787574"
      },
      {
        "type": "Feature",
        "properties": {
          "@id": "way/60787661",
          "highway": "tertiary",
          "lanes": "2",
          "name": "三元街",
          "name:en": "Sanyuan Street",
          "name:zh": "三元街",
          "oneway": "yes",
          "surface": "asphalt"
        },
        "geometry": {
          "type": "LineString",
          "coordinates": [
            [
              121.5072715,
              25.0305937
            ],
            [
              121.5073637,
              25.0305824
            ],
            [
              121.507422,
              25.0305753
            ],
            [
              121.5075378,
              25.0305477
            ],
            [
              121.5076659,
              25.0305053
            ],
            [
              121.5077797,
              25.0304611
            ],
            [
              121.5079159,
              25.0303782
            ],
            [
              121.5080211,
              25.0302901
            ],
            [
              121.508589,
              25.029746
            ],
            [
              121.5087475,
              25.0295916
            ],
            [
              121.5088502,
              25.0294892
            ]
          ]
        },
        "id": "way/60787661"
      },
      {
        "type": "Feature",
        "properties": {
          "@id": "way/86818801",
          "highway": "tertiary",
          "lit": "yes",
          "name": "中山路二段",
          "oneway": "yes",
          "ref": "北88",
          "ref:en": "TP88",
          "ref:zh": "北88",
          "surface": "asphalt"
        },
        "geometry": {
          "type": "LineString",
          "coordinates": [
            [
              121.5053903,
              25.0058619
            ],
            [
              121.5053093,
              25.0058015
            ],
            [
              121.5052514,
              25.0057511
            ],
            [
              121.5051134,
              25.0056414
            ],
            [
              121.5042358,
              25.0049197
            ],
            [
              121.5039445,
              25.004683
            ],
            [
              121.5028834,
              25.0037991
            ],
            [
              121.5026192,
              25.0035818
            ],
            [
              121.5022009,
              25.0032669
            ],
            [
              121.5019451,
              25.0030683
            ],
            [
              121.5017847,
              25.0029615
            ],
            [
              121.5015193,
              25.0028815
            ],
            [
              121.5011265,
              25.0028434
            ],
            [
              121.500624,
              25.002791
            ],
            [
              121.5001791,
              25.0027486
            ],
            [
              121.5000277,
              25.0027341
            ],
            [
              121.4999598,
              25.0027274
            ],
            [
              121.4996636,
              25.0026979
            ],
            [
              121.4995395,
              25.0026855
            ]
          ]
        },
        "id": "way/86818801"
      },
      {
        "type": "Feature",
        "properties": {
          "@id": "way/98262169",
          "highway": "tertiary",
          "lit": "yes",
          "name": "中和路",
          "name:en": "Zhonghe Road",
          "name:nan": "Tiong-hô-lō͘",
          "name:nan-Hant": "中和路",
          "name:nan-Latn-pehoeji": "Tiong-hô-lō͘",
          "name:nan-Latn-tailo": "Tiong-hô-lōo",
          "name:zh": "中和路",
          "oneway": "no",
          "ref": "北99",
          "ref:en": "TP99",
          "ref:zh": "北99",
          "surface": "asphalt"
        },
        "geometry": {
          "type": "LineString",
          "coordinates": [
            [
              121.4995395,
              25.0026855
            ],
            [
              121.4994951,
              25.0025979
            ]
          ]
        },
        "id": "way/98262169"
      },
      {
        "type": "Feature",
        "properties": {
          "@id": "way/111317489",
          "cycleway:right": "no",
          "highway": "tertiary",
          "lane_markings": "no",
          "lit": "yes",
          "maxheight": "4.5",
          "name": "漢生東路",
          "name:en": "Hansheng East Road",
          "name:nan": "Hàn-seng Tang-lō͘",
          "name:nan-Hant": "漢生東路",
          "name:nan-Latn-pehoeji": "Hàn-seng Tang-lō͘",
          "name:nan-Latn-tailo": "Hàn-sing Tang-lōo",
          "name:zh": "漢生東路",
          "oneway": "yes",
          "sidewalk": "both",
          "surface": "asphalt"
        },
        "geometry": {
          "type": "LineString",
          "coordinates": [
            [
              121.4721919,
              25.0072125
            ],
            [
              121.4717726,
              25.0080848
            ],
            [
              121.471605,
              25.00843
            ],
            [
              121.4713314,
              25.0089794
            ],
            [
              121.4709943,
              25.0096701
            ],
            [
              121.4707764,
              25.0101164
            ]
          ]
        },
        "id": "way/111317489"
      },
      {
        "type": "Feature",
        "properties": {
          "@id": "way/111808378",
          "highway": "tertiary",
          "lit": "yes",
          "name": "民德路",
          "name:en": "Minde Road",
          "name:zh": "民德路",
          "oneway": "no",
          "surface": "asphalt"
        },
        "geometry": {
          "type": "LineString",
          "coordinates": [
            [
              121.4688564,
              25.0011318
            ],
            [
              121.4688538,
              25.001274
            ],
            [
              121.4688551,
              25.0014576
            ],
            [
              121.4688511,
              25.0015876
            ],
            [
              121.468843,
              25.001951
            ],
            [
              121.4688296,
              25.0023169
            ],
            [
              121.4688199,
              25.0026329
            ],
            [
              121.4688184,
              25.0026813
            ],
            [
              121.4688142,
              25.002816
            ],
            [
              121.4688099,
              25.0029573
            ],
            [
              121.4688042,
              25.0034641
            ],
            [
              121.46881,
              25.0035011
            ]
          ]
        },
        "id": "way/111808378"
      },
      {
        "type": "Feature",
        "properties": {
          "@id": "way/111808392",
          "highway": "tertiary",
          "lanes": "2",
          "lit": "yes",
          "name": "三元街",
          "name:en": "Sanyuan Street",
          "name:zh": "三元街",
          "oneway": "yes",
          "surface": "asphalt"
        },
        "geometry": {
          "type": "LineString",
          "coordinates": [
            [
              121.514612,
              25.0276473
            ],
            [
              121.5144199,
              25.0275586
            ],
            [
              121.5143517,
              25.0275526
            ],
            [
              121.5142459,
              25.0275379
            ],
            [
              121.5135561,
              25.0274976
            ],
            [
              121.5134783,
              25.0274976
            ],
            [
              121.513357,
              25.0275101
            ],
            [
              121.5128932,
              25.0275752
            ],
            [
              121.5128216,
              25.0275853
            ],
            [
              121.5127759,
              25.0275938
            ],
            [
              121.5126178,
              25.0276233
            ],
            [
              121.5125787,
              25.0276326
            ],
            [
              121.5124283,
              25.0276683
            ],
            [
              121.512144,
              25.0277533
            ],
            [
              121.5114404,
              25.0279773
            ],
            [
              121.5113743,
              25.0280009
            ],
            [
              121.511312,
              25.028022
            ],
            [
              121.511005,
              25.0281257
            ],
            [
              121.5108625,
              25.0281833
            ],
            [
              121.5108135,
              25.0282041
            ],
            [
              121.5106674,
              25.0282662
            ],
            [
              121.5102265,
              25.0285139
            ],
            [
              121.5102019,
              25.0285277
            ],
            [
              121.509832,
              25.0287506
            ],
            [
              121.5097303,
              25.0288243
            ],
            [
              121.5096307,
              25.0288943
            ],
            [
              121.5088746,
              25.0295813
            ]
          ]
        },
        "id": "way/111808392"
      },
      {
        "type": "Feature",
        "properties": {
          "@id": "way/111808394",
          "highway": "tertiary",
          "lanes": "4",
          "name": "莒光路",
          "name:en": "Juguang Road",
          "name:zh": "莒光路",
          "oneway": "no",
          "surface": "asphalt"
        },
        "geometry": {
          "type": "LineString",
          "coordinates": [
            [
              121.4715447,
              24.9977377
            ],
            [
              121.472006,
              24.9983011
            ],
            [
              121.472367,
              24.998742
            ],
            [
              121.4724982,
              24.9989446
            ],
            [
              121.4726586,
              24.9992504
            ],
            [
              121.4727022,
              24.9993483
            ],
            [
              121.4727511,
              24.9994582
            ],
            [
              121.4727865,
              24.9996508
            ],
            [
              121.4727953,
              24.9997843
            ],
            [
              121.4727865,
              24.9999693
            ],
            [
              121.4727584,
              25.0001528
            ],
            [
              121.4727356,
              25.0002962
            ],
            [
              121.4727155,
              25.0004141
            ],
            [
              121.4726296,
              25.0008979
            ],
            [
              121.4726015,
              25.0010802
            ],
            [
              121.4725693,
              25.0013233
            ],
            [
              121.4725545,
              25.0014716
            ],
            [
              121.4725106,
              25.0018437
            ],
            [
              121.472501,
              25.0018996
            ],
            [
              121.4723493,
              25.0028
            ],
            [
              121.4723413,
              25.0028474
            ],
            [
              121.4722984,
              25.0031209
            ],
            [
              121.4722591,
              25.0033749
            ],
            [
              121.4722488,
              25.0034418
            ],
            [
              121.47223,
              25.0035718
            ],
            [
              121.4720532,
              25.0047735
            ],
            [
              121.4720476,
              25.0048148
            ]
          ]
        },
        "id": "way/111808394"
      },
      {
        "type": "Feature",
        "properties": {
          "@id": "way/111808399",
          "highway": "tertiary",
          "lit": "yes",
          "name": "西藏路",
          "name:en": "Xizang Road",
          "name:nan": "Se-chông-lō͘",
          "name:nan-Hant": "西藏路",
          "name:nan-Latn-pehoeji": "Se-chông-lō͘",
          "name:nan-Latn-tailo": "Se-tsông-lōo",
          "name:zh": "西藏路",
          "oneway": "yes",
          "surface": "asphalt"
        },
        "geometry": {
          "type": "LineString",
          "coordinates": [
            [
              121.4911797,
              25.029353
            ],
            [
              121.4914108,
              25.0291361
            ]
          ]
        },
        "id": "way/111808399"
      },
      {
        "type": "Feature",
        "properties": {
          "@id": "way/111808400",
          "highway": "tertiary",
          "lanes": "2",
          "lit": "yes",
          "name": "萬板路",
          "name:nan": "Bān-pang-lō͘",
          "name:nan-Hant": "萬枋路",
          "name:nan-Latn-pehoeji": "Bān-pang-lō͘",
          "name:nan-Latn-tailo": "Bān-pang-lōo",
          "name:zh": "萬板路",
          "oneway": "yes",
          "surface": "asphalt"
        },
        "geometry": {
          "type": "LineString",
          "coordinates": [
            [
              121.475395,
              25.023623
            ],
            [
              121.4748174,
              25.0235075
            ],
            [
              121.4742146,
              25.0234659
            ],
            [
              121.4741402,
              25.0234628
            ],
            [
              121.4740555,
              25.0234649
            ],
            [
              121.4736301,
              25.0234752
            ],
            [
              121.47295,
              25.0234904
            ],
            [
              121.4727019,
              25.0234777
            ],
            [
              121.472485,
              25.0234326
            ],
            [
              121.472281,
              25.0233136
            ],
            [
              121.4721137,
              25.0231696
            ],
            [
              121.4719135,
              25.0229345
            ],
            [
              121.471825,
              25.0228021
            ],
            [
              121.471774,
              25.0226174
            ],
            [
              121.4717577,
              25.0223181
            ],
            [
              121.4717423,
              25.0222267
            ],
            [
              121.4717069,
              25.0220584
            ],
            [
              121.4716533,
              25.0219672
            ],
            [
              121.4715567,
              25.0218153
            ],
            [
              121.4713744,
              25.0215747
            ],
            [
              121.4713234,
              25.0215212
            ],
            [
              121.4711601,
              25.0213757
            ],
            [
              121.4710461,
              25.0212958
            ],
            [
              121.4709247,
              25.0212108
            ],
            [
              121.4707135,
              25.0210852
            ],
            [
              121.4701718,
              25.0207631
            ],
            [
              121.4698612,
              25.0205986
            ]
          ]
        },
        "id": "way/111808400"
      },
      {
        "type": "Feature",
        "properties": {
          "@id": "way/111808402",
          "highway": "tertiary",
          "lanes": "2",
          "lit": "yes",
          "name": "萬板路",
          "name:nan": "Bān-pang-lō͘",
          "name:nan-Hant": "萬枋路",
          "name:nan-Latn-pehoeji": "Bān-pang-lō͘",
          "name:nan-Latn-tailo": "Bān-pang-lōo",
          "name:zh": "萬板路",
          "oneway": "yes",
          "surface": "asphalt"
        },
        "geometry": {
          "type": "LineString",
          "coordinates": [
            [
              121.4700334,
              25.0204963
            ],
            [
              121.4701148,
              25.0205439
            ],
            [
              121.4703933,
              25.0207143
            ],
            [
              121.4707541,
              25.0209367
            ],
            [
              121.4708909,
              25.0210205
            ],
            [
              121.470974,
              25.021074
            ],
            [
              121.4710824,
              25.0211496
            ],
            [
              121.47124,
              25.0212863
            ],
            [
              121.4713074,
              25.0213499
            ],
            [
              121.4715163,
              25.0215468
            ],
            [
              121.4716111,
              25.0216707
            ],
            [
              121.4717237,
              25.0218335
            ],
            [
              121.4717594,
              25.0218989
            ],
            [
              121.4718505,
              25.0221981
            ],
            [
              121.4718783,
              25.0225568
            ],
            [
              121.4719142,
              25.0227
            ],
            [
              121.4719745,
              25.0228118
            ],
            [
              121.4720563,
              25.0229431
            ],
            [
              121.4721918,
              25.0231047
            ],
            [
              121.472299,
              25.0232092
            ],
            [
              121.4723812,
              25.0232667
            ],
            [
              121.4725838,
              25.0233443
            ],
            [
              121.4728744,
              25.0233927
            ],
            [
              121.4735999,
              25.023383
            ],
            [
              121.4740558,
              25.0233697
            ],
            [
              121.4741516,
              25.0233669
            ],
            [
              121.47422,
              25.0233706
            ],
            [
              121.4745829,
              25.0233902
            ],
            [
              121.4749309,
              25.0234214
            ],
            [
              121.4752071,
              25.0234622
            ],
            [
              121.4754563,
              25.023525
            ]
          ]
        },
        "id": "way/111808402"
      },
      {
        "type": "Feature",
        "properties": {
          "@id": "way/111808405",
          "highway": "tertiary",
          "name": "西藏路",
          "name:en": "Xizang Road",
          "name:nan": "Se-chông-lō͘",
          "name:nan-Hant": "西藏路",
          "name:nan-Latn-pehoeji": "Se-chông-lō͘",
          "name:nan-Latn-tailo": "Se-tsông-lōo",
          "name:zh": "西藏路",
          "oneway": "yes"
        },
        "geometry": {
          "type": "LineString",
          "coordinates": [
            [
              121.5071821,
              25.0306987
            ],
            [
              121.5070764,
              25.0307079
            ],
            [
              121.5070549,
              25.0307077
            ],
            [
              121.5069653,
              25.0307071
            ],
            [
              121.5068365,
              25.0306858
            ],
            [
              121.5064585,
              25.0305974
            ],
            [
              121.5060572,
              25.0304997
            ],
            [
              121.5059892,
              25.0304832
            ],
            [
              121.5059137,
              25.0304648
            ],
            [
              121.5054167,
              25.0303348
            ],
            [
              121.5052021,
              25.0302787
            ],
            [
              121.5051369,
              25.0302652
            ],
            [
              121.5049748,
              25.0302315
            ],
            [
              121.5047673,
              25.0301913
            ],
            [
              121.5042853,
              25.030115
            ],
            [
              121.5041372,
              25.0300915
            ]
          ]
        },
        "id": "way/111808405"
      },
      {
        "type": "Feature",
        "properties": {
          "@id": "way/111808410",
          "alt_name": "華江二號橋",
          "bridge": "yes",
          "highway": "tertiary",
          "layer": "2",
          "name": "萬板大橋",
          "name:en": "Wanban Bridge",
          "name:nan": "Bān-pán-tuā-kiô",
          "name:zh": "萬板大橋",
          "oneway": "yes"
        },
        "geometry": {
          "type": "LineString",
          "coordinates": [
            [
              121.4754563,
              25.023525
            ],
            [
              121.4756507,
              25.0236511
            ],
            [
              121.4757342,
              25.0237162
            ],
            [
              121.4758876,
              25.0238319
            ],
            [
              121.4760974,
              25.0240142
            ],
            [
              121.476652,
              25.0244865
            ],
            [
              121.4770869,
              25.0248325
            ],
            [
              121.477335,
              25.0250042
            ],
            [
              121.4776304,
              25.025181
            ],
            [
              121.47799,
              25.0253402
            ],
            [
              121.4783356,
              25.0254715
            ],
            [
              121.4786394,
              25.0255498
            ],
            [
              121.4788429,
              25.0255877
            ],
            [
              121.4791287,
              25.0256738
            ],
            [
              121.4792842,
              25.0257445
            ],
            [
              121.4796178,
              25.025959
            ],
            [
              121.4803258,
              25.026406
            ],
            [
              121.4807754,
              25.026692
            ],
            [
              121.4814726,
              25.0271282
            ]
          ]
        },
        "id": "way/111808410"
      },
      {
        "type": "Feature",
        "properties": {
          "@id": "way/111808412",
          "highway": "tertiary",
          "lit": "yes",
          "name": "民德路",
          "oneway": "no",
          "surface": "asphalt"
        },
        "geometry": {
          "type": "LineString",
          "coordinates": [
            [
              121.4688564,
              25.0011318
            ],
            [
              121.4688202,
              25.000896
            ],
            [
              121.4687854,
              25.0007417
            ],
            [
              121.4687569,
              25.0006317
            ],
            [
              121.4687049,
              25.0004305
            ],
            [
              121.468629,
              25.0000809
            ],
            [
              121.4685824,
              24.9998663
            ],
            [
              121.4685147,
              24.9995676
            ],
            [
              121.4684947,
              24.999479
            ],
            [
              121.4684374,
              24.9992261
            ],
            [
              121.4683729,
              24.9989158
            ],
            [
              121.4683403,
              24.998768
            ],
            [
              121.4682384,
              24.9983584
            ],
            [
              121.4681423,
              24.9979723
            ],
            [
              121.4680125,
              24.9974219
            ],
            [
              121.4678737,
              24.996813
            ],
            [
              121.467812,
              24.996593
            ],
            [
              121.4677732,
              24.9964423
            ],
            [
              121.4675398,
              24.995665
            ],
            [
              121.467525,
              24.9956157
            ],
            [
              121.4674487,
              24.9954093
            ],
            [
              121.4673202,
              24.995165
            ],
            [
              121.4670479,
              24.9947096
            ],
            [
              121.4670029,
              24.9946343
            ],
            [
              121.4667114,
              24.9942786
            ]
          ]
        },
        "id": "way/111808412"
      },
      {
        "type": "Feature",
        "properties": {
          "@id": "way/111808414",
          "alt_name": "華江二號橋",
          "bridge": "yes",
          "highway": "tertiary",
          "layer": "3",
          "lit": "yes",
          "name": "萬板大橋",
          "name:en": "Wanban Bridge",
          "name:nan": "Bān-pán-tuā-kiô",
          "name:zh": "萬板大橋",
          "oneway": "yes",
          "surface": "asphalt"
        },
        "geometry": {
          "type": "LineString",
          "coordinates": [
            [
              121.491249,
              25.0294136
            ],
            [
              121.490816,
              25.0297975
            ],
            [
              121.4903493,
              25.0302355
            ],
            [
              121.4901267,
              25.0304105
            ],
            [
              121.4899953,
              25.0304907
            ],
            [
              121.4898558,
              25.0305587
            ],
            [
              121.489727,
              25.0306049
            ],
            [
              121.4895446,
              25.030656
            ],
            [
              121.4892523,
              25.0306997
            ],
            [
              121.4889653,
              25.0307216
            ],
            [
              121.4887333,
              25.0306909
            ],
            [
              121.4885254,
              25.0306426
            ],
            [
              121.4883982,
              25.0305959
            ],
            [
              121.4882196,
              25.0305127
            ],
            [
              121.4879854,
              25.0304091
            ],
            [
              121.4875172,
              25.0301161
            ],
            [
              121.4847965,
              25.0285124
            ],
            [
              121.4847242,
              25.0284341
            ],
            [
              121.4843416,
              25.0282011
            ],
            [
              121.4841891,
              25.0281083
            ],
            [
              121.4838852,
              25.0279593
            ],
            [
              121.4835313,
              25.0278532
            ],
            [
              121.4825891,
              25.0275905
            ],
            [
              121.4819063,
              25.0273843
            ]
          ]
        },
        "id": "way/111808414"
      },
      {
        "type": "Feature",
        "properties": {
          "@id": "way/111811881",
          "highway": "tertiary",
          "lit": "yes",
          "name": "南寧路",
          "name:en": "Nanning Road",
          "name:nan": "Lâm-lêng-lō͘",
          "name:nan-Hant": "南寧路",
          "name:nan-Latn-pehoeji": "Lâm-lêng-lō͘",
          "name:nan-Latn-tailo": "Lâm-lîng-lōo",
          "name:zh": "南寧路",
          "note": "臺3走線目前爭議中，計畫改為南寧，但北市府反對下維持中華->和平西。請特別注意。",
          "oneway": "yes",
          "surface": "asphalt"
        },
        "geometry": {
          "type": "LineString",
          "coordinates": [
            [
              121.5033358,
              25.0350308
            ],
            [
              121.5034131,
              25.0351074
            ],
            [
              121.5035082,
              25.0352003
            ],
            [
              121.5035683,
              25.0352588
            ],
            [
              121.5038307,
              25.0355149
            ],
            [
              121.503871,
              25.0355541
            ],
            [
              121.504017,
              25.0356965
            ],
            [
              121.5041286,
              25.0358055
            ],
            [
              121.5042072,
              25.0358821
            ],
            [
              121.5046501,
              25.0363142
            ],
            [
              121.5047027,
              25.0363655
            ],
            [
              121.5047546,
              25.0364161
            ],
            [
              121.5048896,
              25.0365058
            ],
            [
              121.5049924,
              25.03657
            ],
            [
              121.505028,
              25.0365918
            ],
            [
              121.5050638,
              25.0366138
            ],
            [
              121.5051166,
              25.036634
            ],
            [
              121.5052434,
              25.0366672
            ],
            [
              121.5058004,
              25.0368614
            ],
            [
              121.505883,
              25.0368826
            ],
            [
              121.505921,
              25.0368946
            ],
            [
              121.5063267,
              25.0370394
            ],
            [
              121.5063729,
              25.0370558
            ],
            [
              121.5067122,
              25.0371373
            ]
          ]
        },
        "id": "way/111811881"
      },
      {
        "type": "Feature",
        "properties": {
          "@id": "way/111811890",
          "highway": "tertiary",
          "lit": "yes",
          "surface": "asphalt"
        },
        "geometry": {
          "type": "LineString",
          "coordinates": [
            [
              121.5032557,
              25.0352135
            ],
            [
              121.5031771,
              25.03512
            ]
          ]
        },
        "id": "way/111811890"
      },
      {
        "type": "Feature",
        "properties": {
          "@id": "way/111811904",
          "highway": "tertiary",
          "lit": "yes",
          "name": "康定路",
          "name:en": "Kangding Road",
          "name:nan": "Khong-tēng-lō͘",
          "name:nan-Hant": "康定路",
          "name:nan-Latn-pehoeji": "Khong-tēng-lō͘",
          "name:nan-Latn-tailo": "Khong-tīng-lōo",
          "name:zh": "康定路",
          "oneway": "no",
          "surface": "asphalt"
        },
        "geometry": {
          "type": "LineString",
          "coordinates": [
            [
              121.5005313,
              25.0330478
            ],
            [
              121.5005654,
              25.0331776
            ],
            [
              121.5005815,
              25.0332577
            ],
            [
              121.5006043,
              25.0333281
            ],
            [
              121.5006493,
              25.0334185
            ],
            [
              121.5008301,
              25.0337118
            ]
          ]
        },
        "id": "way/111811904"
      },
      {
        "type": "Feature",
        "properties": {
          "@id": "way/111812461",
          "highway": "tertiary",
          "name": "建一路",
          "oneway": "yes",
          "surface": "asphalt"
        },
        "geometry": {
          "type": "LineString",
          "coordinates": [
            [
              121.4881246,
              25.0004543
            ],
            [
              121.488118,
              25.0005686
            ],
            [
              121.4880967,
              25.0011998
            ],
            [
              121.4880532,
              25.0021659
            ],
            [
              121.4880633,
              25.0026884
            ],
            [
              121.4880917,
              25.0037008
            ],
            [
              121.4881146,
              25.0042978
            ],
            [
              121.4880883,
              25.004616
            ]
          ]
        },
        "id": "way/111812461"
      },
      {
        "type": "Feature",
        "properties": {
          "@id": "way/111986897",
          "highway": "tertiary",
          "lit": "yes",
          "name": "三民路二段",
          "name:en": "Section 2, Sanmin Road",
          "name:nan": "Sam-bîn-lō͘ 2-tōaⁿ",
          "name:nan-Hant": "三民路二段",
          "name:nan-Latn-pehoeji": "Sam-bîn-lō͘ 2-tōaⁿ",
          "name:nan-Latn-tailo": "Sam-bîn-lōo 2-tuānn",
          "name:zh": "三民路二段",
          "oneway": "yes",
          "ref": "北91",
          "ref:en": "TP91",
          "ref:zh": "北91",
          "surface": "asphalt"
        },
        "geometry": {
          "type": "LineString",
          "coordinates": [
            [
              121.478883,
              25.0113317
            ],
            [
              121.4789458,
              25.0119377
            ],
            [
              121.478997,
              25.0124615
            ],
            [
              121.4790033,
              25.0125303
            ]
          ]
        },
        "id": "way/111986897"
      },
      {
        "type": "Feature",
        "properties": {
          "@id": "way/111986898",
          "highway": "tertiary",
          "lanes": "2",
          "name": "建康路",
          "surface": "asphalt"
        },
        "geometry": {
          "type": "LineString",
          "coordinates": [
            [
              121.4932806,
              25.0002486
            ],
            [
              121.4929628,
              25.0002457
            ],
            [
              121.4926898,
              25.0002432
            ],
            [
              121.4913164,
              25.0002305
            ],
            [
              121.4902675,
              25.0002452
            ],
            [
              121.4891665,
              25.0002343
            ],
            [
              121.4890216,
              25.0002306
            ],
            [
              121.488752,
              25.0002294
            ],
            [
              121.4882011,
              25.0002323
            ],
            [
              121.4881318,
              25.0002341
            ],
            [
              121.4880382,
              25.000234
            ],
            [
              121.4879597,
              25.0002314
            ],
            [
              121.4872353,
              25.000216
            ],
            [
              121.4865012,
              25.0002085
            ],
            [
              121.4861814,
              25.000204
            ],
            [
              121.4861425,
              25.0002035
            ],
            [
              121.4861058,
              25.000203
            ],
            [
              121.48585,
              25.0001947
            ],
            [
              121.4855572,
              25.0001881
            ],
            [
              121.4853004,
              25.0001778
            ],
            [
              121.4852039,
              25.0001741
            ],
            [
              121.4850613,
              25.0001711
            ],
            [
              121.4849002,
              25.0001676
            ]
          ]
        },
        "id": "way/111986898"
      },
      {
        "type": "Feature",
        "properties": {
          "@id": "way/111986899",
          "highway": "tertiary",
          "name": "雙十路二段",
          "name:en": "Section 2, Shuangshi Road",
          "name:nan": "Siang-si̍p-lō͘ 2-tōaⁿ",
          "name:nan-Hant": "雙十路二段",
          "name:nan-Latn-pehoeji": "Siang-si̍p-lō͘ 2-tōaⁿ",
          "name:nan-Latn-tailo": "Siang-si̍p-lōo 2-tuānn",
          "name:zh": "雙十路二段",
          "oneway": "yes",
          "ref": "北91",
          "ref:en": "TP91",
          "ref:zh": "北91",
          "surface": "asphalt"
        },
        "geometry": {
          "type": "LineString",
          "coordinates": [
            [
              121.4722243,
              25.0299534
            ],
            [
              121.4723394,
              25.0298267
            ]
          ]
        },
        "id": "way/111986899"
      },
      {
        "type": "Feature",
        "properties": {
          "@id": "way/111986915",
          "highway": "tertiary",
          "lanes": "2",
          "lit": "yes",
          "name": "福祥路",
          "name:en": "Fuxiang Road",
          "name:zh": "福祥路",
          "oneway": "yes",
          "surface": "asphalt"
        },
        "geometry": {
          "type": "LineString",
          "coordinates": [
            [
              121.4983994,
              25.0081936
            ],
            [
              121.4983283,
              25.0077452
            ],
            [
              121.4983901,
              25.0076868
            ]
          ]
        },
        "id": "way/111986915"
      },
      {
        "type": "Feature",
        "properties": {
          "@id": "way/111988037",
          "cycleway:left": "no",
          "cycleway:right": "track",
          "cycleway:right:oneway": "no",
          "cycleway:right:segregated": "no",
          "highway": "tertiary",
          "lanes": "2",
          "lit": "yes",
          "name": "保生路",
          "name:en": "Baosheng Road",
          "name:zh": "保生路",
          "oneway": "yes",
          "oneway:bicycle": "no",
          "sidewalk": "right",
          "surface": "asphalt"
        },
        "geometry": {
          "type": "LineString",
          "coordinates": [
            [
              121.5047583,
              25.0116086
            ],
            [
              121.5047563,
              25.0107272
            ],
            [
              121.5047535,
              25.0094704
            ],
            [
              121.5048142,
              25.0092883
            ],
            [
              121.5048872,
              25.0090693
            ],
            [
              121.5064314,
              25.0074579
            ],
            [
              121.5068422,
              25.0070422
            ],
            [
              121.5069592,
              25.0070323
            ]
          ]
        },
        "id": "way/111988037"
      },
      {
        "type": "Feature",
        "properties": {
          "@id": "way/111988045",
          "cycleway:left": "no",
          "cycleway:right": "separate",
          "highway": "tertiary",
          "lanes": "2",
          "lit": "yes",
          "name": "保生路",
          "name:en": "Baosheng Road",
          "name:zh": "保生路",
          "oneway": "yes",
          "sidewalk": "right",
          "surface": "asphalt"
        },
        "geometry": {
          "type": "LineString",
          "coordinates": [
            [
              121.5049863,
              25.009146
            ],
            [
              121.5048779,
              25.0094714
            ],
            [
              121.5048922,
              25.0109991
            ],
            [
              121.5048826,
              25.0116812
            ],
            [
              121.5048704,
              25.0120297
            ],
            [
              121.5048555,
              25.0126821
            ],
            [
              121.504844,
              25.0131443
            ],
            [
              121.5048547,
              25.0133718
            ],
            [
              121.5048188,
              25.0134144
            ]
          ]
        },
        "id": "way/111988045"
      },
      {
        "type": "Feature",
        "properties": {
          "@id": "way/112143234",
          "highway": "tertiary",
          "name": "中板路",
          "old_name": "永和路",
          "ref": "北92",
          "ref:en": "TP92",
          "ref:zh": "北92"
        },
        "geometry": {
          "type": "LineString",
          "coordinates": [
            [
              121.4838142,
              25.0119022
            ],
            [
              121.4836533,
              25.0119569
            ],
            [
              121.4835232,
              25.011997
            ],
            [
              121.4834025,
              25.0120322
            ],
            [
              121.4832375,
              25.0120723
            ],
            [
              121.4830511,
              25.0120918
            ],
            [
              121.4828419,
              25.0121171
            ],
            [
              121.4826192,
              25.0121464
            ],
            [
              121.4824248,
              25.0121963
            ],
            [
              121.4822512,
              25.0122546
            ],
            [
              121.4820305,
              25.0123677
            ],
            [
              121.4819004,
              25.0124594
            ],
            [
              121.4818216,
              25.0125071
            ]
          ]
        },
        "id": "way/112143234"
      },
      {
        "type": "Feature",
        "properties": {
          "@id": "way/125911216",
          "cycleway:both": "no",
          "foot": "use_sidepath",
          "highway": "tertiary",
          "lanes": "2",
          "lit": "yes",
          "name": "德光路",
          "name:en": "Deguang Road",
          "name:zh": "德光路",
          "oneway": "no",
          "sidewalk": "separate",
          "surface": "asphalt"
        },
        "geometry": {
          "type": "LineString",
          "coordinates": [
            [
              121.4720476,
              25.0048148
            ],
            [
              121.4711223,
              25.0044247
            ],
            [
              121.4710462,
              25.0043926
            ],
            [
              121.4707134,
              25.0042686
            ],
            [
              121.4703991,
              25.0041355
            ],
            [
              121.4701028,
              25.0040178
            ],
            [
              121.4693665,
              25.0037252
            ],
            [
              121.46881,
              25.0035011
            ]
          ]
        },
        "id": "way/125911216"
      },
      {
        "type": "Feature",
        "properties": {
          "@id": "way/127460187",
          "highway": "tertiary",
          "lanes": "4",
          "name": "雙十路三段",
          "name:en": "Section 3, Shuangshi Road",
          "name:nan": "Siang-si̍p-lō͘ 3-tōaⁿ",
          "name:nan-Hant": "雙十路三段",
          "name:nan-Latn-pehoeji": "Siang-si̍p-lō͘ 3-tōaⁿ",
          "name:nan-Latn-tailo": "Siang-si̍p-lōo 3-tuānn",
          "name:zh": "雙十路三段",
          "ref": "北91",
          "ref:en": "TP91",
          "ref:zh": "北91",
          "surface": "asphalt"
        },
        "geometry": {
          "type": "LineString",
          "coordinates": [
            [
              121.4722243,
              25.0299534
            ],
            [
              121.4721236,
              25.0300226
            ],
            [
              121.4720602,
              25.0300703
            ],
            [
              121.4719917,
              25.0301198
            ],
            [
              121.4717376,
              25.0303035
            ],
            [
              121.4717125,
              25.0303244
            ],
            [
              121.4714279,
              25.0305225
            ],
            [
              121.4713343,
              25.0305877
            ],
            [
              121.4713116,
              25.0306035
            ],
            [
              121.4710996,
              25.0307839
            ]
          ]
        },
        "id": "way/127460187"
      },
      {
        "type": "Feature",
        "properties": {
          "@id": "way/127460189",
          "highway": "tertiary",
          "lanes": "2",
          "ref": "北91",
          "ref:en": "TP91",
          "ref:zh": "北91",
          "surface": "asphalt"
        },
        "geometry": {
          "type": "LineString",
          "coordinates": [
            [
              121.4708751,
              25.0315139
            ],
            [
              121.470593,
              25.0318453
            ],
            [
              121.4705638,
              25.0318824
            ]
          ]
        },
        "id": "way/127460189"
      },
      {
        "type": "Feature",
        "properties": {
          "@id": "way/133236945",
          "highway": "tertiary",
          "lit": "yes",
          "name": "三民路一段",
          "name:en": "Section 1, Sanmin Road",
          "name:nan": "Sam-bîn-lō͘ 1-tōaⁿ",
          "name:nan-Hant": "三民路一段",
          "name:nan-Latn-pehoeji": "Sam-bîn-lō͘ 1-tōaⁿ",
          "name:nan-Latn-tailo": "Sam-bîn-lōo 1-tuānn",
          "name:zh": "三民路一段",
          "oneway": "yes",
          "ref": "北91",
          "ref:en": "TP91",
          "ref:zh": "北91",
          "surface": "asphalt"
        },
        "geometry": {
          "type": "LineString",
          "coordinates": [
            [
              121.4785157,
              25.023732
            ],
            [
              121.4785647,
              25.023698
            ],
            [
              121.4786181,
              25.023651
            ],
            [
              121.4787886,
              25.0235011
            ],
            [
              121.4789898,
              25.0232824
            ],
            [
              121.4791632,
              25.0230351
            ],
            [
              121.4791977,
              25.0229859
            ],
            [
              121.4792594,
              25.0228851
            ],
            [
              121.4792768,
              25.0228437
            ],
            [
              121.4793519,
              25.0226517
            ],
            [
              121.4794116,
              25.0224475
            ],
            [
              121.4794271,
              25.0224019
            ],
            [
              121.4794438,
              25.022292
            ],
            [
              121.4794458,
              25.0221875
            ],
            [
              121.4794498,
              25.0220647
            ],
            [
              121.4794498,
              25.0219772
            ],
            [
              121.4794163,
              25.0218193
            ],
            [
              121.4793076,
              25.0215859
            ],
            [
              121.4792905,
              25.0215294
            ],
            [
              121.4792728,
              25.0214711
            ],
            [
              121.4792278,
              25.0213294
            ],
            [
              121.4791976,
              25.0211886
            ],
            [
              121.4791934,
              25.0210849
            ],
            [
              121.4791668,
              25.02044
            ],
            [
              121.4791411,
              25.0198761
            ],
            [
              121.4791561,
              25.0194411
            ],
            [
              121.4791776,
              25.0188067
            ],
            [
              121.4791817,
              25.0186335
            ]
          ]
        },
        "id": "way/133236945"
      },
      {
        "type": "Feature",
        "properties": {
          "@id": "way/133236950",
          "bicycle": "no",
          "foot": "no",
          "highway": "tertiary",
          "lanes": "2",
          "motorcycle": "no",
          "name": "愛國西路",
          "name:en": "Aiguo West Road",
          "name:nan": "Ài-kok Se-lō͘",
          "name:nan-Hant": "愛國西路",
          "name:nan-Latn-pehoeji": "Ài-kok Se-lō͘",
          "name:nan-Latn-tailo": "Ài-kok Se-lōo",
          "name:zh": "愛國西路",
          "oneway": "yes",
          "surface": "asphalt"
        },
        "geometry": {
          "type": "LineString",
          "coordinates": [
            [
              121.5166608,
              25.0348589
            ],
            [
              121.5165073,
              25.0348316
            ],
            [
              121.5153173,
              25.0349737
            ],
            [
              121.5152245,
              25.0349858
            ],
            [
              121.5147251,
              25.0350483
            ],
            [
              121.5146051,
              25.0350725
            ],
            [
              121.5127018,
              25.0352838
            ],
            [
              121.5126343,
              25.0352929
            ],
            [
              121.5124913,
              25.0353118
            ]
          ]
        },
        "id": "way/133236950"
      },
      {
        "type": "Feature",
        "properties": {
          "@id": "way/133236955",
          "highway": "tertiary",
          "lit": "yes",
          "name": "雙十路一段",
          "name:en": "Section 1, Shuangshi Road",
          "name:nan": "Siang-si̍p-lō͘ 1-tōaⁿ",
          "name:nan-Hant": "雙十路一段",
          "name:nan-Latn-pehoeji": "Siang-si̍p-lō͘ 1-tōaⁿ",
          "name:nan-Latn-tailo": "Siang-si̍p-lōo 1-tuānn",
          "name:zh": "雙十路一段",
          "oneway": "yes",
          "ref": "北91",
          "ref:en": "TP91",
          "ref:zh": "北91",
          "surface": "asphalt"
        },
        "geometry": {
          "type": "LineString",
          "coordinates": [
            [
              121.4786029,
              25.0237946
            ],
            [
              121.4785028,
              25.0238783
            ],
            [
              121.4784591,
              25.0239148
            ],
            [
              121.4782732,
              25.0240455
            ],
            [
              121.4779333,
              25.0242774
            ],
            [
              121.4777915,
              25.0244178
            ],
            [
              121.4776584,
              25.0245605
            ],
            [
              121.4775621,
              25.0246828
            ],
            [
              121.4774908,
              25.0248181
            ],
            [
              121.4774814,
              25.0248388
            ],
            [
              121.4774153,
              25.0249848
            ]
          ]
        },
        "id": "way/133236955"
      },
      {
        "type": "Feature",
        "properties": {
          "@id": "way/136988460",
          "highway": "tertiary",
          "lit": "yes",
          "name": "環河西路三段",
          "name:en": "Section 3, Huanhe West Road",
          "name:zh": "環河西路三段",
          "oneway": "yes",
          "surface": "asphalt"
        },
        "geometry": {
          "type": "LineString",
          "coordinates": [
            [
              121.4982442,
              25.0085421
            ],
            [
              121.4977485,
              25.008346
            ],
            [
              121.4975359,
              25.0082632
            ],
            [
              121.4969915,
              25.0081052
            ],
            [
              121.4963249,
              25.0079424
            ],
            [
              121.4958291,
              25.0078413
            ],
            [
              121.4955201,
              25.0078168
            ],
            [
              121.4952345,
              25.0078084
            ],
            [
              121.4950331,
              25.0078069
            ],
            [
              121.494462,
              25.0078329
            ],
            [
              121.4936821,
              25.0079048
            ],
            [
              121.4930875,
              25.0080226
            ],
            [
              121.4926664,
              25.008132
            ],
            [
              121.4922399,
              25.0082741
            ],
            [
              121.4921353,
              25.0083179
            ],
            [
              121.4915263,
              25.0085972
            ],
            [
              121.4910892,
              25.008875
            ],
            [
              121.4907057,
              25.0091444
            ],
            [
              121.490294,
              25.009494
            ],
            [
              121.4899227,
              25.0098643
            ],
            [
              121.4896059,
              25.0102313
            ],
            [
              121.4891457,
              25.0108822
            ],
            [
              121.4887852,
              25.0114182
            ],
            [
              121.488454,
              25.0119627
            ],
            [
              121.4880057,
              25.012792
            ],
            [
              121.4876963,
              25.0135042
            ],
            [
              121.4875986,
              25.0137909
            ]
          ]
        },
        "id": "way/136988460"
      },
      {
        "type": "Feature",
        "properties": {
          "@id": "way/154335088",
          "highway": "tertiary",
          "lanes": "4",
          "lit": "yes",
          "name": "南海路",
          "name:en": "Nanhai Road",
          "name:nan": "Lâm-hái-lō͘",
          "name:nan-Hant": "南海路",
          "name:nan-Latn-pehoeji": "Lâm-hái-lō͘",
          "name:nan-Latn-tailo": "Lâm-hái-lōo",
          "name:zh": "南海路",
          "oneway": "yes",
          "surface": "asphalt"
        },
        "geometry": {
          "type": "LineString",
          "coordinates": [
            [
              121.5136463,
              25.0317089
            ],
            [
              121.513136,
              25.0315798
            ],
            [
              121.512786,
              25.0314858
            ],
            [
              121.5121998,
              25.0313442
            ],
            [
              121.5121563,
              25.0313315
            ],
            [
              121.5120569,
              25.0313082
            ],
            [
              121.5109178,
              25.0310216
            ],
            [
              121.5104962,
              25.0309154
            ],
            [
              121.5100602,
              25.0308053
            ],
            [
              121.5096627,
              25.0307057
            ],
            [
              121.5096175,
              25.0306944
            ],
            [
              121.5093374,
              25.0306188
            ],
            [
              121.5092012,
              25.0305896
            ]
          ]
        },
        "id": "way/154335088"
      },
      {
        "type": "Feature",
        "properties": {
          "@id": "way/155972028",
          "highway": "tertiary",
          "layer": "1",
          "lit": "yes",
          "oneway": "yes",
          "surface": "asphalt"
        },
        "geometry": {
          "type": "LineString",
          "coordinates": [
            [
              121.4785391,
              25.025466
            ],
            [
              121.478979,
              25.0255486
            ]
          ]
        },
        "id": "way/155972028"
      },
      {
        "type": "Feature",
        "properties": {
          "@id": "way/155972029",
          "highway": "tertiary",
          "layer": "1",
          "lit": "yes",
          "oneway": "yes",
          "surface": "asphalt"
        },
        "geometry": {
          "type": "LineString",
          "coordinates": [
            [
              121.4791628,
              25.0258184
            ],
            [
              121.4788181,
              25.0256957
            ],
            [
              121.4783045,
              25.0256034
            ],
            [
              121.4778652,
              25.0254672
            ]
          ]
        },
        "id": "way/155972029"
      },
      {
        "type": "Feature",
        "properties": {
          "@id": "way/156648752",
          "highway": "tertiary",
          "lanes": "2",
          "name": "莒光路",
          "name:en": "Juguang Road",
          "name:nan": "Kú-kong-lō͘",
          "name:nan-Hant": "莒光路",
          "name:nan-Latn-pehoeji": "Kú-kong-lō͘",
          "name:nan-Latn-tailo": "Kú-kong-lōo",
          "name:zh": "莒光路",
          "oneway": "yes",
          "surface": "asphalt"
        },
        "geometry": {
          "type": "LineString",
          "coordinates": [
            [
              121.5078343,
              25.031319
            ],
            [
              121.5077206,
              25.0313047
            ],
            [
              121.5076218,
              25.0312868
            ],
            [
              121.5075284,
              25.0312805
            ],
            [
              121.5072535,
              25.031277
            ],
            [
              121.507072,
              25.0312776
            ],
            [
              121.5068668,
              25.0312756
            ],
            [
              121.5067205,
              25.0312742
            ],
            [
              121.5066467,
              25.0312746
            ],
            [
              121.5059626,
              25.0312783
            ],
            [
              121.5058944,
              25.0312787
            ],
            [
              121.5049847,
              25.0312837
            ],
            [
              121.5049374,
              25.031284
            ],
            [
              121.504916,
              25.0312841
            ],
            [
              121.5043032,
              25.0312868
            ],
            [
              121.5041645,
              25.0312883
            ]
          ]
        },
        "id": "way/156648752"
      },
      {
        "type": "Feature",
        "properties": {
          "@id": "way/172598677",
          "highway": "tertiary",
          "line": "4",
          "name": "景新街",
          "name:en": "Jingxin Street",
          "name:zh": "景新街",
          "ref:en": "111",
          "ref:zh": "111",
          "surface": "asphalt"
        },
        "geometry": {
          "type": "LineString",
          "coordinates": [
            [
              121.5024807,
              24.9997923
            ],
            [
              121.5027259,
              24.9996389
            ],
            [
              121.5032315,
              24.9993935
            ],
            [
              121.5033573,
              24.9993474
            ],
            [
              121.5036592,
              24.9992145
            ],
            [
              121.5037947,
              24.9991503
            ],
            [
              121.5039078,
              24.9991079
            ],
            [
              121.5041546,
              24.9990009
            ],
            [
              121.5041934,
              24.9989822
            ],
            [
              121.504519,
              24.9988258
            ],
            [
              121.5045907,
              24.9987936
            ],
            [
              121.5049383,
              24.9986375
            ],
            [
              121.5050472,
              24.9985242
            ],
            [
              121.5052122,
              24.9983175
            ],
            [
              121.5053139,
              24.9981584
            ],
            [
              121.505382,
              24.9980104
            ],
            [
              121.5055388,
              24.9977067
            ],
            [
              121.5056112,
              24.9975256
            ],
            [
              121.5057185,
              24.9972801
            ],
            [
              121.5058418,
              24.9970613
            ],
            [
              121.5059632,
              24.9968185
            ]
          ]
        },
        "id": "way/172598677"
      },
      {
        "type": "Feature",
        "properties": {
          "@id": "way/175251876",
          "alt_name:en": "Section 3, Xianmin Boulevard",
          "highway": "tertiary",
          "name": "縣民大道三段",
          "name:en": "Xianmin Boulevard Section 3",
          "name:nan": "Koān-bîn Tōa-tō",
          "name:nan-Hant": "縣民大道三段",
          "name:nan-Latn-pehoeji": "Koān-bîn Tōa-tō",
          "name:nan-Latn-tailo": "Kuān-bîn Tuā-tō",
          "name:zh": "縣民大道三段",
          "oneway": "yes",
          "surface": "asphalt"
        },
        "geometry": {
          "type": "LineString",
          "coordinates": [
            [
              121.4839357,
              25.026949
            ],
            [
              121.4837552,
              25.0268946
            ],
            [
              121.4832669,
              25.0267368
            ],
            [
              121.4830947,
              25.0266811
            ],
            [
              121.4829997,
              25.0266524
            ],
            [
              121.4829117,
              25.0266193
            ],
            [
              121.4821114,
              25.0262944
            ],
            [
              121.4815096,
              25.0260153
            ],
            [
              121.4814851,
              25.0259967
            ],
            [
              121.4814234,
              25.0259551
            ],
            [
              121.48129,
              25.0258701
            ],
            [
              121.4810155,
              25.0256898
            ],
            [
              121.4808776,
              25.0256059
            ],
            [
              121.4808182,
              25.0255652
            ],
            [
              121.4806594,
              25.0254635
            ],
            [
              121.4806329,
              25.0254453
            ],
            [
              121.4803897,
              25.025279
            ],
            [
              121.4802412,
              25.0251694
            ],
            [
              121.4800809,
              25.0250512
            ],
            [
              121.4800069,
              25.0249966
            ],
            [
              121.4797912,
              25.0248375
            ],
            [
              121.4795625,
              25.0246665
            ],
            [
              121.4793804,
              25.0245332
            ],
            [
              121.479128,
              25.0243484
            ],
            [
              121.4785787,
              25.0239343
            ],
            [
              121.4785528,
              25.0239159
            ],
            [
              121.4785028,
              25.0238783
            ]
          ]
        },
        "id": "way/175251876"
      },
      {
        "type": "Feature",
        "properties": {
          "@id": "way/175260236",
          "highway": "tertiary",
          "lit": "yes",
          "name": "萬板路",
          "name:nan": "Bān-pang-lō͘",
          "name:nan-Hant": "萬枋路",
          "name:nan-Latn-pehoeji": "Bān-pang-lō͘",
          "name:nan-Latn-tailo": "Bān-pang-lōo",
          "name:zh": "萬板路",
          "oneway": "yes",
          "surface": "asphalt"
        },
        "geometry": {
          "type": "LineString",
          "coordinates": [
            [
              121.4774153,
              25.0249848
            ],
            [
              121.477501,
              25.0250313
            ],
            [
              121.477715,
              25.0251378
            ],
            [
              121.4777276,
              25.0251442
            ],
            [
              121.4777796,
              25.0251707
            ],
            [
              121.4781417,
              25.0253409
            ],
            [
              121.478497,
              25.0254527
            ],
            [
              121.4785391,
              25.025466
            ]
          ]
        },
        "id": "way/175260236"
      },
      {
        "type": "Feature",
        "properties": {
          "@id": "way/175260241",
          "highway": "tertiary",
          "name": "萬板路",
          "name:nan": "Bān-pang-lō͘",
          "name:nan-Hant": "萬枋路",
          "name:nan-Latn-pehoeji": "Bān-pang-lō͘",
          "name:nan-Latn-tailo": "Bān-pang-lōo",
          "name:zh": "萬板路",
          "oneway": "yes",
          "surface": "asphalt"
        },
        "geometry": {
          "type": "LineString",
          "coordinates": [
            [
              121.4815092,
              25.0273462
            ],
            [
              121.4812856,
              25.0272281
            ],
            [
              121.4807035,
              25.0268441
            ],
            [
              121.4806633,
              25.0268295
            ],
            [
              121.4803707,
              25.0266431
            ],
            [
              121.4798653,
              25.0263224
            ],
            [
              121.4798049,
              25.0262841
            ],
            [
              121.4797487,
              25.0262443
            ],
            [
              121.4794835,
              25.0260596
            ],
            [
              121.4793974,
              25.0259958
            ],
            [
              121.4790823,
              25.0258184
            ],
            [
              121.4788208,
              25.0257322
            ],
            [
              121.4783836,
              25.0256544
            ],
            [
              121.4778652,
              25.0254672
            ]
          ]
        },
        "id": "way/175260241"
      },
      {
        "type": "Feature",
        "properties": {
          "@id": "way/182458597",
          "highway": "tertiary",
          "name": "南山路",
          "name:en": "Nanshan Road",
          "name:zh": "南山路",
          "oneway": "yes",
          "ref": "北99",
          "ref:en": "TP99",
          "ref:zh": "北99",
          "surface": "asphalt"
        },
        "geometry": {
          "type": "LineString",
          "coordinates": [
            [
              121.5029639,
              24.9942885
            ],
            [
              121.5029869,
              24.9944732
            ],
            [
              121.5027155,
              24.9951612
            ],
            [
              121.5026278,
              24.9953845
            ],
            [
              121.5025229,
              24.9956211
            ],
            [
              121.5024561,
              24.9958725
            ],
            [
              121.5023809,
              24.9960998
            ],
            [
              121.5022905,
              24.9963873
            ],
            [
              121.5022476,
              24.9965465
            ],
            [
              121.5021913,
              24.9967519
            ],
            [
              121.5021551,
              24.9968747
            ],
            [
              121.5020961,
              24.9971141
            ],
            [
              121.5020505,
              24.9972782
            ],
            [
              121.5020236,
              24.9974605
            ],
            [
              121.5019847,
              24.9977863
            ],
            [
              121.5019767,
              24.9979249
            ],
            [
              121.5019847,
              24.9980282
            ]
          ]
        },
        "id": "way/182458597"
      },
      {
        "type": "Feature",
        "properties": {
          "@id": "way/182458600",
          "highway": "tertiary",
          "name": "南山路",
          "ref": "北99",
          "ref:en": "TP99",
          "ref:zh": "北99",
          "surface": "asphalt"
        },
        "geometry": {
          "type": "LineString",
          "coordinates": [
            [
              121.5021435,
              24.9997945
            ],
            [
              121.5020424,
              24.9987526
            ],
            [
              121.5020384,
              24.99849
            ],
            [
              121.5020303,
              24.9983126
            ],
            [
              121.5020223,
              24.9982494
            ],
            [
              121.5020035,
              24.9981752
            ],
            [
              121.5019847,
              24.9980282
            ]
          ]
        },
        "id": "way/182458600"
      },
      {
        "type": "Feature",
        "properties": {
          "@id": "way/182995624",
          "highway": "tertiary",
          "lanes": "2",
          "lit": "yes",
          "name": "員山路",
          "name:en": "Yuanshan Road",
          "name:zh": "員山路",
          "ref": "北91",
          "ref:en": "TP91",
          "ref:zh": "北91",
          "surface": "asphalt"
        },
        "geometry": {
          "type": "LineString",
          "coordinates": [
            [
              121.4799983,
              25.005933
            ],
            [
              121.4800508,
              25.005781
            ],
            [
              121.4801009,
              25.0056134
            ],
            [
              121.4801519,
              25.0054007
            ],
            [
              121.480238,
              25.0051311
            ],
            [
              121.4803048,
              25.0049218
            ],
            [
              121.4804341,
              25.0046625
            ],
            [
              121.4804617,
              25.0045949
            ],
            [
              121.4805164,
              25.0044858
            ],
            [
              121.4806022,
              25.004315
            ],
            [
              121.4807943,
              25.0038948
            ],
            [
              121.4809102,
              25.0036567
            ],
            [
              121.480937,
              25.0036032
            ],
            [
              121.4810028,
              25.0034578
            ],
            [
              121.4810322,
              25.0033949
            ],
            [
              121.4811227,
              25.0032013
            ],
            [
              121.4811369,
              25.0031686
            ],
            [
              121.4811798,
              25.0030744
            ],
            [
              121.4812053,
              25.0030082
            ],
            [
              121.4812368,
              25.002928
            ],
            [
              121.4812596,
              25.002784
            ],
            [
              121.4812697,
              25.002632
            ],
            [
              121.481267,
              25.0025141
            ],
            [
              121.4812697,
              25.0024375
            ],
            [
              121.4812712,
              25.0023811
            ],
            [
              121.4812771,
              25.0020635
            ],
            [
              121.4812818,
              25.001813
            ],
            [
              121.4812865,
              25.0012901
            ],
            [
              121.481286,
              25.0011848
            ],
            [
              121.4812863,
              25.0011063
            ],
            [
              121.4812896,
              25.0009894
            ],
            [
              121.4812951,
              25.0007944
            ],
            [
              121.4813007,
              24.9999755
            ],
            [
              121.4813016,
              24.9996167
            ],
            [
              121.4813001,
              24.9993091
            ],
            [
              121.4813035,
              24.9991426
            ],
            [
              121.4812987,
              24.9987803
            ],
            [
              121.4812993,
              24.99858
            ],
            [
              121.4812984,
              24.9985476
            ],
            [
              121.4812969,
              24.998479
            ],
            [
              121.4812965,
              24.9983338
            ],
            [
              121.4812965,
              24.9982793
            ],
            [
              121.4812927,
              24.9979277
            ],
            [
              121.4812945,
              24.9978122
            ],
            [
              121.4812754,
              24.9974992
            ],
            [
              121.4812495,
              24.9971599
            ],
            [
              121.481245,
              24.997101
            ],
            [
              121.4812378,
              24.9970354
            ],
            [
              121.4812354,
              24.9970132
            ],
            [
              121.4812084,
              24.9967928
            ],
            [
              121.4811739,
              24.9965404
            ],
            [
              121.4811521,
              24.9963738
            ],
            [
              121.4811489,
              24.9963496
            ],
            [
              121.4811383,
              24.9962819
            ],
            [
              121.481125,
              24.9961878
            ]
          ]
        },
        "id": "way/182995624"
      },
      {
        "type": "Feature",
        "properties": {
          "@id": "way/197101462",
          "highway": "tertiary",
          "lanes": "2",
          "name": "莒光路",
          "name:en": "Juguang Road",
          "name:nan": "Kú-kong-lō͘",
          "name:nan-Hant": "莒光路",
          "name:nan-Latn-pehoeji": "Kú-kong-lō͘",
          "name:nan-Latn-tailo": "Kú-kong-lōo",
          "name:zh": "莒光路",
          "oneway": "yes",
          "surface": "asphalt"
        },
        "geometry": {
          "type": "LineString",
          "coordinates": [
            [
              121.5041512,
              25.0312122
            ],
            [
              121.5042814,
              25.0312124
            ],
            [
              121.5049119,
              25.0312133
            ],
            [
              121.5049411,
              25.0312133
            ],
            [
              121.50495,
              25.0312173
            ],
            [
              121.5059226,
              25.0312015
            ],
            [
              121.5067133,
              25.0311886
            ],
            [
              121.5067859,
              25.0311874
            ],
            [
              121.5069384,
              25.0311874
            ],
            [
              121.5073998,
              25.0311916
            ],
            [
              121.5075681,
              25.0311874
            ],
            [
              121.5077,
              25.0312087
            ],
            [
              121.5077778,
              25.0312575
            ],
            [
              121.5078343,
              25.031319
            ]
          ]
        },
        "id": "way/197101462"
      },
      {
        "type": "Feature",
        "properties": {
          "@id": "way/197101463",
          "highway": "tertiary",
          "lanes": "2",
          "lit": "yes",
          "name": "莒光路",
          "name:en": "Juguang Road",
          "name:nan": "Kú-kong-lō͘",
          "name:nan-Hant": "莒光路",
          "name:nan-Latn-pehoeji": "Kú-kong-lō͘",
          "name:nan-Latn-tailo": "Kú-kong-lōo",
          "name:zh": "莒光路",
          "oneway": "yes",
          "surface": "asphalt"
        },
        "geometry": {
          "type": "LineString",
          "coordinates": [
            [
              121.5005823,
              25.0311455
            ],
            [
              121.5006938,
              25.0311479
            ],
            [
              121.501839,
              25.0311733
            ],
            [
              121.5022443,
              25.0311854
            ],
            [
              121.5022774,
              25.0311864
            ],
            [
              121.5028783,
              25.0311902
            ],
            [
              121.5029514,
              25.0311872
            ],
            [
              121.5040604,
              25.031211
            ],
            [
              121.5041512,
              25.0312122
            ]
          ]
        },
        "id": "way/197101463"
      },
      {
        "type": "Feature",
        "properties": {
          "@id": "way/197317329",
          "highway": "tertiary",
          "lit": "yes",
          "name": "西藏路",
          "name:en": "Xizang Road",
          "name:nan": "Se-chông-lō͘",
          "name:nan-Hant": "西藏路",
          "name:nan-Latn-pehoeji": "Se-chông-lō͘",
          "name:nan-Latn-tailo": "Se-tsông-lōo",
          "name:zh": "西藏路",
          "oneway": "yes",
          "surface": "asphalt"
        },
        "geometry": {
          "type": "LineString",
          "coordinates": [
            [
              121.5005836,
              25.0293697
            ],
            [
              121.5006876,
              25.0293849
            ],
            [
              121.5012264,
              25.0294637
            ],
            [
              121.5018093,
              25.0295533
            ],
            [
              121.5022484,
              25.029624
            ],
            [
              121.5023191,
              25.0296352
            ],
            [
              121.5023964,
              25.0296502
            ],
            [
              121.5036982,
              25.0299056
            ],
            [
              121.5040022,
              25.0299693
            ],
            [
              121.5041569,
              25.0300018
            ]
          ]
        },
        "id": "way/197317329"
      },
      {
        "type": "Feature",
        "properties": {
          "@id": "way/204126519",
          "highway": "tertiary",
          "lanes": "4",
          "lit": "yes",
          "name": "南海路",
          "name:en": "Nanhai Road",
          "name:nan": "Lâm-hái-lō͘",
          "name:nan-Hant": "南海路",
          "name:nan-Latn-pehoeji": "Lâm-hái-lō͘",
          "name:nan-Latn-tailo": "Lâm-hái-lōo",
          "name:zh": "南海路",
          "oneway": "no",
          "surface": "asphalt"
        },
        "geometry": {
          "type": "LineString",
          "coordinates": [
            [
              121.5091373,
              25.030515
            ],
            [
              121.5091149,
              25.0304398
            ],
            [
              121.5090116,
              25.0300411
            ],
            [
              121.5089721,
              25.0298889
            ],
            [
              121.5089037,
              25.0296732
            ],
            [
              121.5088746,
              25.0295813
            ]
          ]
        },
        "id": "way/204126519"
      },
      {
        "type": "Feature",
        "properties": {
          "@id": "way/212584928",
          "highway": "tertiary",
          "name": "橋和路",
          "name:en": "Qiaohe Road",
          "name:zh": "橋和路",
          "oneway": "yes",
          "surface": "asphalt"
        },
        "geometry": {
          "type": "LineString",
          "coordinates": [
            [
              121.4909337,
              25.0055177
            ],
            [
              121.4911787,
              25.0055747
            ],
            [
              121.492031,
              25.0057595
            ],
            [
              121.4933342,
              25.006057
            ],
            [
              121.4935634,
              25.0061095
            ],
            [
              121.4942374,
              25.0062548
            ],
            [
              121.4951202,
              25.0064224
            ],
            [
              121.4957922,
              25.0066428
            ],
            [
              121.4965107,
              25.0069155
            ],
            [
              121.4971344,
              25.0071499
            ],
            [
              121.4976366,
              25.007328
            ],
            [
              121.4984552,
              25.0076182
            ]
          ]
        },
        "id": "way/212584928"
      },
      {
        "type": "Feature",
        "properties": {
          "@id": "way/212584929",
          "highway": "tertiary",
          "lanes": "2",
          "name": "建一路",
          "name:en": "Jian 1st Road",
          "name:zh": "建一路",
          "oneway": "yes",
          "surface": "asphalt"
        },
        "geometry": {
          "type": "LineString",
          "coordinates": [
            [
              121.4880025,
              25.0047645
            ],
            [
              121.4880079,
              25.0046481
            ],
            [
              121.4879984,
              25.0042027
            ],
            [
              121.4879878,
              25.0036999
            ],
            [
              121.4879608,
              25.0021652
            ],
            [
              121.4880259,
              25.0005655
            ],
            [
              121.4880303,
              25.0004817
            ]
          ]
        },
        "id": "way/212584929"
      },
      {
        "type": "Feature",
        "properties": {
          "@id": "way/212707891",
          "cycleway:both": "no",
          "highway": "tertiary",
          "lit": "yes",
          "name": "員山路",
          "name:en": "Yuanshan Road",
          "name:zh": "員山路",
          "ref": "北91",
          "ref:en": "TP91",
          "ref:zh": "北91",
          "sidewalk": "both",
          "surface": "asphalt"
        },
        "geometry": {
          "type": "LineString",
          "coordinates": [
            [
              121.4787957,
              25.0109365
            ],
            [
              121.4787912,
              25.010786
            ],
            [
              121.4787901,
              25.0107475
            ],
            [
              121.4787904,
              25.010409
            ],
            [
              121.4788292,
              25.010116
            ],
            [
              121.4788741,
              25.0099393
            ],
            [
              121.4789569,
              25.009623
            ],
            [
              121.4790103,
              25.0094913
            ],
            [
              121.4790535,
              25.0093943
            ],
            [
              121.4790819,
              25.0093233
            ],
            [
              121.4793067,
              25.0085301
            ],
            [
              121.4794059,
              25.0081496
            ],
            [
              121.4794478,
              25.0079945
            ],
            [
              121.4794656,
              25.0079297
            ],
            [
              121.4794821,
              25.0078676
            ],
            [
              121.4797412,
              25.0069111
            ],
            [
              121.4797627,
              25.0068066
            ],
            [
              121.4798586,
              25.0064652
            ],
            [
              121.479943,
              25.0061473
            ],
            [
              121.4799665,
              25.0060349
            ]
          ]
        },
        "id": "way/212707891"
      },
      {
        "type": "Feature",
        "properties": {
          "@id": "way/214920045",
          "highway": "tertiary",
          "lane_markings": "no",
          "name": "雙十路三段",
          "name:en": "Section 3, Shuangshi Road",
          "name:nan": "Siang-si̍p-lō͘ 3-tōaⁿ",
          "name:nan-Hant": "雙十路三段",
          "name:nan-Latn-pehoeji": "Siang-si̍p-lō͘ 3-tōaⁿ",
          "name:nan-Latn-tailo": "Siang-si̍p-lōo 3-tuānn",
          "name:zh": "雙十路三段",
          "ref": "北91",
          "ref:en": "TP91",
          "ref:zh": "北91",
          "surface": "asphalt"
        },
        "geometry": {
          "type": "LineString",
          "coordinates": [
            [
              121.4705638,
              25.0318824
            ],
            [
              121.4704493,
              25.0321334
            ],
            [
              121.4702929,
              25.0323679
            ],
            [
              121.469933,
              25.0329556
            ]
          ]
        },
        "id": "way/214920045"
      },
      {
        "type": "Feature",
        "properties": {
          "@id": "way/215107418",
          "highway": "tertiary",
          "lit": "yes",
          "name": "中和路",
          "name:en": "Zhonghe Road",
          "name:nan": "Tiong-hô-lō͘",
          "name:nan-Hant": "中和路",
          "name:nan-Latn-pehoeji": "Tiong-hô-lō͘",
          "name:nan-Latn-tailo": "Tiong-hô-lōo",
          "name:zh": "中和路",
          "surface": "asphalt"
        },
        "geometry": {
          "type": "LineString",
          "coordinates": [
            [
              121.5024807,
              24.9997923
            ],
            [
              121.5029283,
              24.9997767
            ],
            [
              121.5033755,
              24.999764
            ],
            [
              121.5038787,
              24.9997495
            ],
            [
              121.5041156,
              24.9997427
            ],
            [
              121.5046211,
              24.99974
            ],
            [
              121.504744,
              24.9997341
            ],
            [
              121.5048668,
              24.9997281
            ],
            [
              121.5051911,
              24.9997124
            ],
            [
              121.5053406,
              24.9997088
            ]
          ]
        },
        "id": "way/215107418"
      },
      {
        "type": "Feature",
        "properties": {
          "@id": "way/215107419",
          "highway": "tertiary",
          "lit": "yes",
          "name": "中和路",
          "name:en": "Zhonghe Road",
          "name:nan": "Tiong-hô-lō͘",
          "name:nan-Hant": "中和路",
          "name:nan-Latn-pehoeji": "Tiong-hô-lō͘",
          "name:nan-Latn-tailo": "Tiong-hô-lōo",
          "name:zh": "中和路",
          "surface": "asphalt"
        },
        "geometry": {
          "type": "LineString",
          "coordinates": [
            [
              121.5021435,
              24.9997945
            ],
            [
              121.5023214,
              24.9997951
            ],
            [
              121.5024807,
              24.9997923
            ]
          ]
        },
        "id": "way/215107419"
      },
      {
        "type": "Feature",
        "properties": {
          "@id": "way/215107420",
          "highway": "tertiary",
          "lit": "yes",
          "name": "中和路",
          "name:en": "Zhonghe Road",
          "name:nan": "Tiong-hô-lō͘",
          "name:nan-Hant": "中和路",
          "name:nan-Latn-pehoeji": "Tiong-hô-lō͘",
          "name:nan-Latn-tailo": "Tiong-hô-lōo",
          "name:zh": "中和路",
          "ref": "北99",
          "ref:en": "TP99",
          "ref:zh": "北99",
          "surface": "asphalt"
        },
        "geometry": {
          "type": "LineString",
          "coordinates": [
            [
              121.5001086,
              25.0013941
            ],
            [
              121.5002218,
              25.0012746
            ],
            [
              121.5003172,
              25.0011986
            ],
            [
              121.5007234,
              25.0008809
            ],
            [
              121.5007516,
              25.0008596
            ],
            [
              121.5010265,
              25.0006444
            ],
            [
              121.5011687,
              25.0005241
            ],
            [
              121.501229,
              25.0004791
            ],
            [
              121.5013229,
              25.0004062
            ],
            [
              121.501508,
              25.0002243
            ],
            [
              121.5018623,
              24.9999063
            ],
            [
              121.5019894,
              24.9998301
            ],
            [
              121.5021435,
              24.9997945
            ]
          ]
        },
        "id": "way/215107420"
      },
      {
        "type": "Feature",
        "properties": {
          "@id": "way/215191254",
          "highway": "tertiary",
          "name": "文化路二段505巷",
          "oneway": "yes",
          "surface": "asphalt"
        },
        "geometry": {
          "type": "LineString",
          "coordinates": [
            [
              121.4758279,
              25.0346941
            ],
            [
              121.4760999,
              25.0343636
            ],
            [
              121.4761572,
              25.0342943
            ]
          ]
        },
        "id": "way/215191254"
      },
      {
        "type": "Feature",
        "properties": {
          "@id": "way/216023953",
          "highway": "tertiary",
          "name": "中山路二段327巷"
        },
        "geometry": {
          "type": "LineString",
          "coordinates": [
            [
              121.4932806,
              25.0002486
            ],
            [
              121.4932682,
              25.0008474
            ],
            [
              121.4932416,
              25.0022111
            ],
            [
              121.4932639,
              25.0023313
            ]
          ]
        },
        "id": "way/216023953"
      },
      {
        "type": "Feature",
        "properties": {
          "@id": "way/216733609",
          "highway": "tertiary",
          "lanes": "2",
          "moped": "no",
          "name": "環河西路四段",
          "name:en": "Huanhe West Road Section 4",
          "name:nan": "Khoân-hô-se-lō͘ 4-tōaⁿ",
          "name:nan-Hant": "環河西路四段",
          "name:nan-Latn-pehoeji": "Khoân-hô-se-lō͘ 4-tōaⁿ",
          "name:nan-Latn-tailo": "Khuân-hô-se-lōo 4-tuānn",
          "name:zh": "環河西路四段",
          "surface": "asphalt"
        },
        "geometry": {
          "type": "LineString",
          "coordinates": [
            [
              121.4687146,
              25.035533
            ],
            [
              121.4669691,
              25.0348108
            ],
            [
              121.4658503,
              25.0343506
            ]
          ]
        },
        "id": "way/216733609"
      },
      {
        "type": "Feature",
        "properties": {
          "@id": "way/217510875",
          "bridge": "yes",
          "highway": "tertiary",
          "lit": "yes",
          "name": "雙和橋",
          "oneway": "yes",
          "ref": "北88",
          "ref:en": "TP88",
          "ref:zh": "北88",
          "surface": "asphalt"
        },
        "geometry": {
          "type": "LineString",
          "coordinates": [
            [
              121.5056429,
              25.0060707
            ],
            [
              121.5053903,
              25.0058619
            ]
          ]
        },
        "id": "way/217510875"
      },
      {
        "type": "Feature",
        "properties": {
          "@id": "way/224712254",
          "highway": "tertiary",
          "lit": "yes",
          "name": "中山路二段",
          "oneway": "yes",
          "ref": "北99",
          "ref:en": "TP99",
          "ref:zh": "北99",
          "surface": "asphalt"
        },
        "geometry": {
          "type": "LineString",
          "coordinates": [
            [
              121.496665,
              25.0023422
            ],
            [
              121.4967661,
              25.0023517
            ]
          ]
        },
        "id": "way/224712254"
      },
      {
        "type": "Feature",
        "properties": {
          "@id": "way/229761202",
          "highway": "tertiary",
          "lit": "yes",
          "name": "水源路",
          "name:en": "Shuiyuan Road",
          "name:nan": "Chúi-goân-lō͘",
          "name:nan-Hant": "水源路",
          "name:nan-Latn-pehoeji": "Chúi-goân-lō͘",
          "name:nan-Latn-tailo": "Tsuí-guân-lōo",
          "name:zh": "水源路",
          "name:zh-Hans": "水源路",
          "name:zh-Hant": "水源路",
          "surface": "asphalt"
        },
        "geometry": {
          "type": "LineString",
          "coordinates": [
            [
              121.5085373,
              25.0228455
            ],
            [
              121.5080096,
              25.022525
            ],
            [
              121.5079604,
              25.0224952
            ],
            [
              121.5074601,
              25.0221428
            ],
            [
              121.5074062,
              25.0221058
            ],
            [
              121.5066809,
              25.0216075
            ],
            [
              121.5042891,
              25.020013
            ],
            [
              121.5042494,
              25.019989
            ],
            [
              121.5041917,
              25.0199514
            ]
          ]
        },
        "id": "way/229761202"
      },
      {
        "type": "Feature",
        "properties": {
          "@id": "way/229841218",
          "highway": "tertiary",
          "lit": "yes",
          "name": "環河南路二段",
          "name:en": "Huanhe South Road Section 2",
          "name:nan": "Khoân-hô Lâm-lō͘ 2-tōaⁿ",
          "name:nan-Hant": "環河南路二段",
          "name:nan-Latn-pehoeji": "Khoân-hô Lâm-lō͘ 2-tōaⁿ",
          "name:nan-Latn-tailo": "Khuân-hô Lâm-lōo 2-tuānn",
          "name:zh": "環河南路二段",
          "oneway": "yes",
          "surface": "asphalt"
        },
        "geometry": {
          "type": "LineString",
          "coordinates": [
            [
              121.4907934,
              25.0313046
            ],
            [
              121.490838,
              25.0313553
            ],
            [
              121.4913231,
              25.0319072
            ],
            [
              121.4913976,
              25.0319919
            ],
            [
              121.4914344,
              25.0320338
            ],
            [
              121.4914892,
              25.0320943
            ],
            [
              121.4921364,
              25.0328084
            ],
            [
              121.4921538,
              25.0328276
            ],
            [
              121.4922273,
              25.0329169
            ],
            [
              121.4925377,
              25.0332939
            ],
            [
              121.4927159,
              25.0334838
            ],
            [
              121.4929953,
              25.0337925
            ],
            [
              121.4930561,
              25.0338596
            ],
            [
              121.4932699,
              25.0341009
            ],
            [
              121.4935192,
              25.0343822
            ],
            [
              121.4941792,
              25.0351306
            ],
            [
              121.4942026,
              25.0351571
            ],
            [
              121.4943699,
              25.0353428
            ]
          ]
        },
        "id": "way/229841218"
      },
      {
        "type": "Feature",
        "properties": {
          "@id": "way/229842085",
          "highway": "tertiary",
          "lit": "yes",
          "name": "環河南路二段",
          "name:en": "Section 2, Huanhe South Road",
          "name:nan": "Khoân-hô Lâm-lō͘ 2-tōaⁿ",
          "name:nan-Hant": "環河南路二段",
          "name:nan-Latn-pehoeji": "Khoân-hô Lâm-lō͘ 2-tōaⁿ",
          "name:nan-Latn-tailo": "Khuân-hô Lâm-lōo 2-tuānn",
          "name:zh": "環河南路二段",
          "oneway": "yes",
          "surface": "asphalt"
        },
        "geometry": {
          "type": "LineString",
          "coordinates": [
            [
              121.4943699,
              25.0353428
            ],
            [
              121.494496,
              25.0354856
            ],
            [
              121.4946313,
              25.0356438
            ],
            [
              121.4953268,
              25.0364215
            ],
            [
              121.495627,
              25.0367572
            ],
            [
              121.4957375,
              25.0368955
            ],
            [
              121.4957765,
              25.0369398
            ],
            [
              121.496314,
              25.0374912
            ],
            [
              121.4964017,
              25.0375976
            ],
            [
              121.4964509,
              25.037654
            ],
            [
              121.4968451,
              25.038119
            ],
            [
              121.4969424,
              25.0382311
            ],
            [
              121.496973,
              25.0382762
            ],
            [
              121.4970219,
              25.0383307
            ],
            [
              121.4971918,
              25.0384563
            ],
            [
              121.4972393,
              25.0385162
            ]
          ]
        },
        "id": "way/229842085"
      },
      {
        "type": "Feature",
        "properties": {
          "@id": "way/229842093",
          "highway": "tertiary",
          "lit": "yes",
          "name": "環河南路二段",
          "name:en": "Huanhe South Road Section 2",
          "name:nan": "Khoân-hô Lâm-lō͘ 2-tōaⁿ",
          "name:nan-Hant": "環河南路二段",
          "name:nan-Latn-pehoeji": "Khoân-hô Lâm-lō͘ 2-tōaⁿ",
          "name:nan-Latn-tailo": "Khuân-hô Lâm-lōo 2-tuānn",
          "name:zh": "環河南路二段",
          "oneway": "yes",
          "surface": "asphalt",
          "wheelchair": "yes"
        },
        "geometry": {
          "type": "LineString",
          "coordinates": [
            [
              121.494238,
              25.0353451
            ],
            [
              121.4940969,
              25.0351892
            ],
            [
              121.4933648,
              25.0343481
            ],
            [
              121.493158,
              25.0341313
            ],
            [
              121.4930776,
              25.0340466
            ],
            [
              121.4929678,
              25.0339308
            ],
            [
              121.4929048,
              25.0338598
            ],
            [
              121.4928731,
              25.0338241
            ],
            [
              121.4921402,
              25.032997
            ],
            [
              121.4920623,
              25.0329091
            ],
            [
              121.4920467,
              25.0328909
            ],
            [
              121.4915532,
              25.0323185
            ],
            [
              121.4913987,
              25.0321394
            ],
            [
              121.4913939,
              25.0321345
            ],
            [
              121.4913446,
              25.0320847
            ]
          ]
        },
        "id": "way/229842093"
      },
      {
        "type": "Feature",
        "properties": {
          "@id": "way/230721084",
          "highway": "tertiary",
          "name": "永和路",
          "oneway": "yes",
          "ref": "北92",
          "ref:en": "TP92",
          "ref:zh": "北92"
        },
        "geometry": {
          "type": "LineString",
          "coordinates": [
            [
              121.497853,
              25.0050591
            ],
            [
              121.4981325,
              25.0049174
            ],
            [
              121.4982237,
              25.0048699
            ],
            [
              121.4983377,
              25.0048067
            ],
            [
              121.4985362,
              25.004684
            ],
            [
              121.4986891,
              25.0045831
            ],
            [
              121.4988232,
              25.0044737
            ],
            [
              121.4988527,
              25.004447
            ],
            [
              121.4989117,
              25.0043911
            ],
            [
              121.4989922,
              25.0043036
            ],
            [
              121.4990632,
              25.0042076
            ],
            [
              121.4991544,
              25.0040822
            ],
            [
              121.4992107,
              25.0039845
            ],
            [
              121.4992591,
              25.0039134
            ],
            [
              121.4993127,
              25.0038296
            ],
            [
              121.499365,
              25.0037487
            ],
            [
              121.4994369,
              25.0036112
            ]
          ]
        },
        "id": "way/230721084"
      },
      {
        "type": "Feature",
        "properties": {
          "@id": "way/230721087",
          "highway": "tertiary",
          "name": "橋和路",
          "name:en": "Qiaohe Road",
          "name:zh": "橋和路",
          "oneway": "yes",
          "surface": "asphalt"
        },
        "geometry": {
          "type": "LineString",
          "coordinates": [
            [
              121.4983901,
              25.0076868
            ],
            [
              121.4976012,
              25.0074132
            ],
            [
              121.4970244,
              25.0072131
            ],
            [
              121.4965019,
              25.0070142
            ],
            [
              121.4957664,
              25.006727
            ],
            [
              121.495081,
              25.0065053
            ]
          ]
        },
        "id": "way/230721087"
      },
      {
        "type": "Feature",
        "properties": {
          "@id": "way/230721091",
          "highway": "tertiary",
          "name": "永和路",
          "oneway": "no",
          "ref": "北92",
          "ref:en": "TP92",
          "ref:zh": "北92"
        },
        "geometry": {
          "type": "LineString",
          "coordinates": [
            [
              121.4994369,
              25.0036112
            ],
            [
              121.4996031,
              25.0033672
            ],
            [
              121.4997316,
              25.0031908
            ],
            [
              121.4998337,
              25.0030535
            ],
            [
              121.4999316,
              25.0029223
            ],
            [
              121.499991,
              25.002806
            ],
            [
              121.5000277,
              25.0027341
            ]
          ]
        },
        "id": "way/230721091"
      },
      {
        "type": "Feature",
        "properties": {
          "@id": "way/233926880",
          "highway": "tertiary",
          "lit": "yes",
          "name": "連城路",
          "name:en": "Liancheng Road",
          "name:zh": "連城路",
          "oneway": "no",
          "ref": "北88",
          "ref:en": "TP88",
          "ref:zh": "北88",
          "surface": "asphalt"
        },
        "geometry": {
          "type": "LineString",
          "coordinates": [
            [
              121.4971673,
              25.0009149
            ],
            [
              121.4972258,
              25.0009935
            ],
            [
              121.4973085,
              25.0011047
            ],
            [
              121.4974225,
              25.0012346
            ],
            [
              121.4974893,
              25.0013127
            ],
            [
              121.4975899,
              25.0014269
            ],
            [
              121.4977072,
              25.0015382
            ],
            [
              121.4979517,
              25.0017311
            ],
            [
              121.4981408,
              25.0018466
            ],
            [
              121.4985741,
              25.002051
            ],
            [
              121.4987704,
              25.0021328
            ],
            [
              121.4991199,
              25.0022992
            ]
          ]
        },
        "id": "way/233926880"
      },
      {
        "type": "Feature",
        "properties": {
          "@id": "way/238211712",
          "highway": "tertiary",
          "lanes": "2",
          "lit": "yes",
          "name": "愛國西路",
          "name:en": "Aiguo West Road",
          "name:nan": "Ài-kok Se-lō͘",
          "name:nan-Hant": "愛國西路",
          "name:nan-Latn-pehoeji": "Ài-kok Se-lō͘",
          "name:nan-Latn-tailo": "Ài-kok Se-lōo",
          "name:zh": "愛國西路",
          "oneway": "yes",
          "surface": "asphalt"
        },
        "geometry": {
          "type": "LineString",
          "coordinates": [
            [
              121.5125123,
              25.0350606
            ],
            [
              121.5126666,
              25.0350403
            ],
            [
              121.5145721,
              25.0348156
            ],
            [
              121.5146942,
              25.0348024
            ]
          ]
        },
        "id": "way/238211712"
      },
      {
        "type": "Feature",
        "properties": {
          "@id": "way/238529753",
          "bridge": "yes",
          "highway": "tertiary",
          "layer": "1",
          "lit": "yes",
          "name": "中和路",
          "name:en": "Zhonghe Road",
          "name:nan": "Tiong-hô-lō͘",
          "name:nan-Hant": "中和路",
          "name:nan-Latn-pehoeji": "Tiong-hô-lō͘",
          "name:nan-Latn-tailo": "Tiong-hô-lōo",
          "name:zh": "中和路",
          "surface": "asphalt"
        },
        "geometry": {
          "type": "LineString",
          "coordinates": [
            [
              121.5062671,
              24.9996877
            ],
            [
              121.5064972,
              24.9996797
            ]
          ]
        },
        "id": "way/238529753"
      },
      {
        "type": "Feature",
        "properties": {
          "@id": "way/238529754",
          "highway": "tertiary",
          "lit": "yes",
          "name": "中和路",
          "name:en": "Zhonghe Road",
          "name:nan": "Tiong-hô-lō͘",
          "name:nan-Hant": "中和路",
          "name:nan-Latn-pehoeji": "Tiong-hô-lō͘",
          "name:nan-Latn-tailo": "Tiong-hô-lōo",
          "name:zh": "中和路",
          "surface": "asphalt"
        },
        "geometry": {
          "type": "LineString",
          "coordinates": [
            [
              121.5064972,
              24.9996797
            ],
            [
              121.5066946,
              24.9996763
            ],
            [
              121.5069573,
              24.9996728
            ],
            [
              121.5071647,
              24.9996701
            ],
            [
              121.5074682,
              24.9996636
            ],
            [
              121.5076544,
              24.9996549
            ]
          ]
        },
        "id": "way/238529754"
      },
      {
        "type": "Feature",
        "properties": {
          "@id": "way/238543306",
          "highway": "tertiary",
          "lit": "yes",
          "name": "中華路二段484巷",
          "name:zh": "中華路二段484巷",
          "name:zh-Hans": "中华路二段484巷",
          "name:zh-Hant": "中華路二段484巷",
          "oneway": "no",
          "surface": "asphalt"
        },
        "geometry": {
          "type": "LineString",
          "coordinates": [
            [
              121.5070871,
              25.0267593
            ],
            [
              121.5067612,
              25.0263943
            ],
            [
              121.5065491,
              25.0261631
            ],
            [
              121.5064865,
              25.0260948
            ]
          ]
        },
        "id": "way/238543306"
      },
      {
        "type": "Feature",
        "properties": {
          "@id": "way/238543310",
          "highway": "tertiary",
          "lit": "yes",
          "maxspeed": "30",
          "name": "青年路",
          "name:en": "Qingnian Road",
          "name:nan": "Chheng-liân-lō͘",
          "name:nan-Hant": "青年路",
          "name:nan-Latn-pehoeji": "Chheng-liân-lō͘",
          "name:nan-Latn-tailo": "Tshing-liân-lōo",
          "name:zh": "青年路",
          "old_name": "克難街",
          "oneway": "no",
          "surface": "asphalt"
        },
        "geometry": {
          "type": "LineString",
          "coordinates": [
            [
              121.5064865,
              25.0260948
            ],
            [
              121.5064043,
              25.026071
            ],
            [
              121.5063845,
              25.0260649
            ],
            [
              121.5053301,
              25.025738
            ],
            [
              121.504968,
              25.0256299
            ],
            [
              121.5045935,
              25.0255204
            ],
            [
              121.5044316,
              25.0254731
            ],
            [
              121.5040011,
              25.0253249
            ],
            [
              121.5037387,
              25.025227
            ],
            [
              121.5036161,
              25.0251602
            ],
            [
              121.5035575,
              25.0251097
            ],
            [
              121.5033643,
              25.0249099
            ],
            [
              121.5030693,
              25.02461
            ],
            [
              121.5029244,
              25.0244159
            ],
            [
              121.5028677,
              25.024262
            ],
            [
              121.5028041,
              25.0238968
            ],
            [
              121.5027962,
              25.0238468
            ],
            [
              121.5027884,
              25.0237931
            ],
            [
              121.5027552,
              25.0235794
            ],
            [
              121.5026723,
              25.0228198
            ],
            [
              121.5025894,
              25.0220594
            ]
          ]
        },
        "id": "way/238543310"
      },
      {
        "type": "Feature",
        "properties": {
          "@id": "way/238704235",
          "highway": "tertiary",
          "lit": "yes",
          "name": "南海路",
          "name:en": "Nanhai Road",
          "name:nan": "Lâm-hái-lō͘",
          "name:nan-Hant": "南海路",
          "name:nan-Latn-pehoeji": "Lâm-hái-lō͘",
          "name:nan-Latn-tailo": "Lâm-hái-lōo",
          "name:zh": "南海路",
          "surface": "asphalt"
        },
        "geometry": {
          "type": "LineString",
          "coordinates": [
            [
              121.5092012,
              25.0305896
            ],
            [
              121.5091373,
              25.030515
            ]
          ]
        },
        "id": "way/238704235"
      },
      {
        "type": "Feature",
        "properties": {
          "@id": "way/241423840",
          "highway": "tertiary",
          "name": "艋舺大道",
          "name:en": "Bangka Boulevard",
          "name:zh": "艋舺大道",
          "oneway": "no"
        },
        "geometry": {
          "type": "LineString",
          "coordinates": [
            [
              121.489506,
              25.0274463
            ],
            [
              121.4895605,
              25.0274664
            ],
            [
              121.4899066,
              25.0276041
            ],
            [
              121.490258,
              25.0277563
            ],
            [
              121.4904668,
              25.0278541
            ],
            [
              121.4906312,
              25.0279389
            ],
            [
              121.4906717,
              25.0279581
            ]
          ]
        },
        "id": "way/241423840"
      },
      {
        "type": "Feature",
        "properties": {
          "@id": "way/244618591",
          "highway": "tertiary",
          "lit": "yes",
          "name": "西藏路",
          "name:en": "Xizang Road",
          "name:nan": "Se-chông-lō͘",
          "name:nan-Hant": "西藏路",
          "name:nan-Latn-pehoeji": "Se-chông-lō͘",
          "name:nan-Latn-tailo": "Se-tsông-lōo",
          "name:zh": "西藏路",
          "oneway": "yes",
          "surface": "asphalt"
        },
        "geometry": {
          "type": "LineString",
          "coordinates": [
            [
              121.5004658,
              25.0294842
            ],
            [
              121.5003869,
              25.0294766
            ],
            [
              121.5000557,
              25.0294445
            ],
            [
              121.4999831,
              25.0294396
            ],
            [
              121.4994043,
              25.0294175
            ],
            [
              121.4991813,
              25.029408
            ]
          ]
        },
        "id": "way/244618591"
      },
      {
        "type": "Feature",
        "properties": {
          "@id": "way/245567900",
          "highway": "tertiary",
          "lit": "yes",
          "name": "雙十路二段",
          "name:en": "Section 2, Shuangshi Road",
          "name:nan": "Siang-si̍p-lō͘ 2-tōaⁿ",
          "name:nan-Hant": "雙十路二段",
          "name:nan-Latn-pehoeji": "Siang-si̍p-lō͘ 2-tōaⁿ",
          "name:nan-Latn-tailo": "Siang-si̍p-lōo 2-tuānn",
          "name:zh": "雙十路二段",
          "oneway": "yes",
          "ref": "北91",
          "ref:en": "TP91",
          "ref:zh": "北91",
          "surface": "asphalt"
        },
        "geometry": {
          "type": "LineString",
          "coordinates": [
            [
              121.4774153,
              25.0249848
            ],
            [
              121.4773141,
              25.0251748
            ],
            [
              121.4772631,
              25.0252643
            ],
            [
              121.4771885,
              25.0254159
            ],
            [
              121.4770559,
              25.0256481
            ],
            [
              121.4768173,
              25.0260758
            ],
            [
              121.4767675,
              25.026163
            ],
            [
              121.4767527,
              25.0261933
            ],
            [
              121.4767225,
              25.026255
            ],
            [
              121.4766955,
              25.0263146
            ],
            [
              121.4766287,
              25.0264449
            ],
            [
              121.476601,
              25.0265051
            ],
            [
              121.4765562,
              25.0266045
            ],
            [
              121.4765251,
              25.0266571
            ],
            [
              121.4764186,
              25.0268371
            ],
            [
              121.4762987,
              25.0270456
            ],
            [
              121.4762136,
              25.0271734
            ],
            [
              121.4761121,
              25.0272972
            ],
            [
              121.4758777,
              25.0274922
            ],
            [
              121.4758052,
              25.0275526
            ],
            [
              121.4757348,
              25.0276007
            ],
            [
              121.4752303,
              25.0279385
            ],
            [
              121.4751495,
              25.0279926
            ],
            [
              121.4749956,
              25.0280992
            ],
            [
              121.47452,
              25.0284289
            ],
            [
              121.4743642,
              25.0285368
            ],
            [
              121.4743211,
              25.0285656
            ],
            [
              121.4742335,
              25.0286262
            ],
            [
              121.4741475,
              25.0286849
            ],
            [
              121.4739858,
              25.0287954
            ],
            [
              121.4738833,
              25.0288637
            ],
            [
              121.4737205,
              25.0289755
            ],
            [
              121.4736914,
              25.0289952
            ],
            [
              121.4735462,
              25.0290935
            ],
            [
              121.4734625,
              25.02915
            ],
            [
              121.4724572,
              25.0298282
            ],
            [
              121.4723849,
              25.0298828
            ],
            [
              121.4722243,
              25.0299534
            ]
          ]
        },
        "id": "way/245567900"
      },
      {
        "type": "Feature",
        "properties": {
          "@id": "way/245567901",
          "highway": "tertiary",
          "lit": "yes",
          "name": "萬板路",
          "name:nan": "Bān-pang-lō͘",
          "name:nan-Hant": "萬枋路",
          "name:nan-Latn-pehoeji": "Bān-pang-lō͘",
          "name:nan-Latn-tailo": "Bān-pang-lōo",
          "name:zh": "萬板路",
          "oneway": "yes",
          "surface": "asphalt"
        },
        "geometry": {
          "type": "LineString",
          "coordinates": [
            [
              121.4773094,
              25.0249233
            ],
            [
              121.4774153,
              25.0249848
            ]
          ]
        },
        "id": "way/245567901"
      },
      {
        "type": "Feature",
        "properties": {
          "@id": "way/245567905",
          "highway": "tertiary",
          "lit": "yes",
          "name": "雙十路一段",
          "name:en": "Section 1, Shuangshi Road",
          "name:nan": "Siang-si̍p-lō͘ 1-tōaⁿ",
          "name:nan-Hant": "雙十路一段",
          "name:nan-Latn-pehoeji": "Siang-si̍p-lō͘ 1-tōaⁿ",
          "name:nan-Latn-tailo": "Siang-si̍p-lōo 1-tuānn",
          "name:zh": "雙十路一段",
          "oneway": "yes",
          "ref": "北91",
          "ref:en": "TP91",
          "ref:zh": "北91",
          "surface": "asphalt"
        },
        "geometry": {
          "type": "LineString",
          "coordinates": [
            [
              121.4773094,
              25.0249233
            ],
            [
              121.4773845,
              25.0247928
            ],
            [
              121.4774115,
              25.0247589
            ],
            [
              121.4774796,
              25.0246306
            ],
            [
              121.4775769,
              25.0245095
            ],
            [
              121.4776722,
              25.0244116
            ],
            [
              121.4777532,
              25.024311
            ],
            [
              121.4778629,
              25.0242125
            ],
            [
              121.4779543,
              25.0241391
            ],
            [
              121.4779662,
              25.0241306
            ],
            [
              121.4783045,
              25.023892
            ],
            [
              121.4783617,
              25.0238512
            ],
            [
              121.4784138,
              25.023815
            ]
          ]
        },
        "id": "way/245567905"
      },
      {
        "type": "Feature",
        "properties": {
          "@id": "way/245567906",
          "highway": "tertiary",
          "lit": "yes",
          "name": "萬板路",
          "name:nan": "Bān-pang-lō͘",
          "name:nan-Hant": "萬枋路",
          "name:nan-Latn-pehoeji": "Bān-pang-lō͘",
          "name:nan-Latn-tailo": "Bān-pang-lōo",
          "name:zh": "萬板路",
          "oneway": "yes",
          "surface": "asphalt"
        },
        "geometry": {
          "type": "LineString",
          "coordinates": [
            [
              121.4754563,
              25.023525
            ],
            [
              121.4756044,
              25.0235596
            ],
            [
              121.4758464,
              25.0237466
            ],
            [
              121.4760801,
              25.0239265
            ],
            [
              121.4762842,
              25.0240896
            ],
            [
              121.4765652,
              25.0243238
            ],
            [
              121.4768602,
              25.0245668
            ],
            [
              121.4771338,
              25.0247953
            ],
            [
              121.4772527,
              25.0248814
            ],
            [
              121.4773094,
              25.0249233
            ]
          ]
        },
        "id": "way/245567906"
      },
      {
        "type": "Feature",
        "properties": {
          "@id": "way/245568468",
          "highway": "tertiary",
          "lane_markings": "no",
          "oneway": "yes",
          "ref": "北91",
          "ref:en": "TP91",
          "ref:zh": "北91",
          "surface": "asphalt"
        },
        "geometry": {
          "type": "LineString",
          "coordinates": [
            [
              121.4710996,
              25.0307839
            ],
            [
              121.4711049,
              25.0309743
            ],
            [
              121.4710685,
              25.0310599
            ],
            [
              121.4708751,
              25.0315139
            ]
          ]
        },
        "id": "way/245568468"
      },
      {
        "type": "Feature",
        "properties": {
          "@id": "way/245568474",
          "highway": "tertiary",
          "name": "雙十路三段",
          "name:en": "Section 3, Shuangshi Road",
          "name:nan": "Siang-si̍p-lō͘ 3-tōaⁿ",
          "name:nan-Hant": "雙十路三段",
          "name:nan-Latn-pehoeji": "Siang-si̍p-lō͘ 3-tōaⁿ",
          "name:nan-Latn-tailo": "Siang-si̍p-lōo 3-tuānn",
          "name:zh": "雙十路三段",
          "surface": "asphalt"
        },
        "geometry": {
          "type": "LineString",
          "coordinates": [
            [
              121.4710996,
              25.0307839
            ],
            [
              121.4709887,
              25.0308869
            ],
            [
              121.4707996,
              25.0310624
            ],
            [
              121.4707459,
              25.0311336
            ],
            [
              121.4706423,
              25.0312712
            ]
          ]
        },
        "id": "way/245568474"
      },
      {
        "type": "Feature",
        "properties": {
          "@id": "way/245568491",
          "highway": "tertiary",
          "name": "長江路二段",
          "name:en": "Section 2, Changjiang Road",
          "name:zh": "長江路二段",
          "oneway": "no",
          "ref": "北91",
          "ref:en": "TP91",
          "ref:zh": "北91"
        },
        "geometry": {
          "type": "LineString",
          "coordinates": [
            [
              121.4641319,
              25.03125
            ],
            [
              121.4646476,
              25.0314147
            ],
            [
              121.4654731,
              25.031653
            ],
            [
              121.4662206,
              25.0318673
            ],
            [
              121.4665913,
              25.0319733
            ],
            [
              121.4669585,
              25.0320892
            ],
            [
              121.4670247,
              25.0321101
            ],
            [
              121.4680227,
              25.0323968
            ],
            [
              121.4680615,
              25.032408
            ],
            [
              121.4687993,
              25.0326186
            ],
            [
              121.469933,
              25.0329556
            ]
          ]
        },
        "id": "way/245568491"
      },
      {
        "type": "Feature",
        "properties": {
          "@id": "way/247027471",
          "bicycle": "no",
          "foot": "no",
          "highway": "tertiary",
          "lanes": "2",
          "motorcycle": "no",
          "name": "愛國西路",
          "name:en": "Aiguo West Road",
          "name:nan": "Ài-kok Se-lō͘",
          "name:nan-Hant": "愛國西路",
          "name:nan-Latn-pehoeji": "Ài-kok Se-lō͘",
          "name:nan-Latn-tailo": "Ài-kok Se-lōo",
          "name:zh": "愛國西路",
          "oneway": "yes",
          "surface": "asphalt"
        },
        "geometry": {
          "type": "LineString",
          "coordinates": [
            [
              121.5124965,
              25.0352125
            ],
            [
              121.512646,
              25.0351974
            ],
            [
              121.5136036,
              25.0350815
            ],
            [
              121.5145953,
              25.0349675
            ],
            [
              121.5147083,
              25.0349638
            ],
            [
              121.5152146,
              25.0348988
            ],
            [
              121.5153062,
              25.0348894
            ],
            [
              121.5165566,
              25.0347347
            ],
            [
              121.5167709,
              25.0347041
            ]
          ]
        },
        "id": "way/247027471"
      },
      {
        "type": "Feature",
        "properties": {
          "@id": "way/249706146",
          "highway": "tertiary",
          "lanes": "2",
          "lit": "yes",
          "name": "愛國西路",
          "name:en": "Aiguo West Road",
          "name:nan": "Ài-kok Se-lō͘",
          "name:nan-Hant": "愛國西路",
          "name:nan-Latn-pehoeji": "Ài-kok Se-lō͘",
          "name:nan-Latn-tailo": "Ài-kok Se-lōo",
          "name:zh": "愛國西路",
          "oneway": "yes",
          "surface": "asphalt"
        },
        "geometry": {
          "type": "LineString",
          "coordinates": [
            [
              121.5152629,
              25.0352324
            ],
            [
              121.5149897,
              25.0352687
            ],
            [
              121.5147637,
              25.0352905
            ],
            [
              121.5146219,
              25.0353051
            ],
            [
              121.5137395,
              25.0354037
            ],
            [
              121.5135345,
              25.0354266
            ],
            [
              121.5126325,
              25.0355114
            ],
            [
              121.5124996,
              25.0355347
            ]
          ]
        },
        "id": "way/249706146"
      },
      {
        "type": "Feature",
        "properties": {
          "@id": "way/251878020",
          "highway": "tertiary",
          "name": "環河西路四段",
          "name:en": "Huanhe West Road Section 4",
          "name:zh": "環河西路四段",
          "oneway": "yes"
        },
        "geometry": {
          "type": "LineString",
          "coordinates": [
            [
              121.4836139,
              25.0277506
            ],
            [
              121.4835578,
              25.0279071
            ],
            [
              121.4834994,
              25.0280699
            ],
            [
              121.4832391,
              25.0286985
            ],
            [
              121.482928,
              25.0295734
            ],
            [
              121.4827161,
              25.0302004
            ],
            [
              121.4824026,
              25.0310207
            ],
            [
              121.4820389,
              25.0319698
            ],
            [
              121.4818725,
              25.0324779
            ],
            [
              121.4815891,
              25.0338234
            ],
            [
              121.4815305,
              25.0342505
            ],
            [
              121.4815208,
              25.0345432
            ],
            [
              121.4814904,
              25.035465
            ],
            [
              121.481434,
              25.0364006
            ],
            [
              121.481388,
              25.0366241
            ],
            [
              121.4813482,
              25.0368089
            ],
            [
              121.4811926,
              25.03703
            ],
            [
              121.4809754,
              25.0372731
            ],
            [
              121.4807602,
              25.0374578
            ],
            [
              121.4805221,
              25.0375868
            ],
            [
              121.4802786,
              25.037662
            ],
            [
              121.4799618,
              25.0376935
            ],
            [
              121.4789932,
              25.0377712
            ],
            [
              121.4783972,
              25.0378152
            ],
            [
              121.4780694,
              25.0378033
            ],
            [
              121.4779293,
              25.0377509
            ]
          ]
        },
        "id": "way/251878020"
      },
      {
        "type": "Feature",
        "properties": {
          "@id": "way/251878021",
          "highway": "tertiary",
          "lanes": "1",
          "name": "環河西路四段",
          "name:en": "Huanhe West Road Section 4",
          "name:nan": "Khoân-hô-se-lō͘ 4-tōaⁿ",
          "name:nan-Hant": "環河西路四段",
          "name:nan-Latn-pehoeji": "Khoân-hô-se-lō͘ 4-tōaⁿ",
          "name:nan-Latn-tailo": "Khuân-hô-se-lōo 4-tuānn",
          "name:zh": "環河西路四段",
          "oneway": "yes",
          "surface": "asphalt"
        },
        "geometry": {
          "type": "LineString",
          "coordinates": [
            [
              121.4687146,
              25.035533
            ],
            [
              121.4692935,
              25.0356421
            ]
          ]
        },
        "id": "way/251878021"
      },
      {
        "type": "Feature",
        "properties": {
          "@id": "way/251878022",
          "highway": "tertiary",
          "lit": "yes",
          "name": "環河西路四段",
          "name:en": "Huanhe West Road Section 4",
          "name:nan": "Khoân-hô-se-lō͘ 4-tōaⁿ",
          "name:nan-Hant": "環河西路四段",
          "name:nan-Latn-pehoeji": "Khoân-hô-se-lō͘ 4-tōaⁿ",
          "name:nan-Latn-tailo": "Khuân-hô-se-lōo 4-tuānn",
          "name:zh": "環河西路四段",
          "oneway": "yes",
          "surface": "asphalt"
        },
        "geometry": {
          "type": "LineString",
          "coordinates": [
            [
              121.4692935,
              25.0356421
            ],
            [
              121.4695649,
              25.0357425
            ],
            [
              121.4704401,
              25.0360372
            ],
            [
              121.4705499,
              25.0360766
            ],
            [
              121.4712969,
              25.0363147
            ],
            [
              121.4726078,
              25.036638
            ]
          ]
        },
        "id": "way/251878022"
      },
      {
        "type": "Feature",
        "properties": {
          "@id": "way/251880015",
          "highway": "tertiary",
          "oneway": "yes"
        },
        "geometry": {
          "type": "LineString",
          "coordinates": [
            [
              121.4836139,
              25.0277506
            ],
            [
              121.4835459,
              25.0279035
            ],
            [
              121.4831205,
              25.02886
            ],
            [
              121.4829264,
              25.0294099
            ],
            [
              121.4827723,
              25.0298734
            ]
          ]
        },
        "id": "way/251880015"
      },
      {
        "type": "Feature",
        "properties": {
          "@id": "way/251880428",
          "highway": "tertiary",
          "name": "環河西路四段",
          "oneway": "yes"
        },
        "geometry": {
          "type": "LineString",
          "coordinates": [
            [
              121.4856501,
              25.0222176
            ],
            [
              121.4855598,
              25.0224498
            ]
          ]
        },
        "id": "way/251880428"
      },
      {
        "type": "Feature",
        "properties": {
          "@id": "way/251880429",
          "highway": "tertiary",
          "lanes": "2",
          "name": "環河西路三段",
          "name:en": "Section 3, Huanhe West Road",
          "name:zh": "環河西路三段",
          "oneway": "yes",
          "surface": "asphalt"
        },
        "geometry": {
          "type": "LineString",
          "coordinates": [
            [
              121.486437,
              25.0185028
            ],
            [
              121.4864598,
              25.0183847
            ],
            [
              121.4865664,
              25.0177412
            ],
            [
              121.4868399,
              25.0159519
            ],
            [
              121.4872839,
              25.014116
            ],
            [
              121.4874046,
              25.0137803
            ],
            [
              121.4875705,
              25.0133558
            ],
            [
              121.4880765,
              25.0122846
            ],
            [
              121.4884386,
              25.0116352
            ],
            [
              121.488809,
              25.0110958
            ],
            [
              121.4890565,
              25.0107742
            ]
          ]
        },
        "id": "way/251880429"
      },
      {
        "type": "Feature",
        "properties": {
          "@id": "way/251880541",
          "highway": "tertiary",
          "lanes": "2",
          "name": "環河西路三段",
          "name:en": "Section 3, Huanhe West Road",
          "name:zh": "環河西路三段",
          "oneway": "yes",
          "surface": "asphalt"
        },
        "geometry": {
          "type": "LineString",
          "coordinates": [
            [
              121.4875986,
              25.0137909
            ],
            [
              121.4875516,
              25.0140086
            ],
            [
              121.4871796,
              25.0151947
            ],
            [
              121.4870803,
              25.0155861
            ],
            [
              121.4869544,
              25.0159889
            ],
            [
              121.4867015,
              25.0174926
            ],
            [
              121.4866116,
              25.0180614
            ],
            [
              121.4865251,
              25.0185313
            ]
          ]
        },
        "id": "way/251880541"
      },
      {
        "type": "Feature",
        "properties": {
          "@id": "way/251880567",
          "highway": "tertiary",
          "lit": "yes",
          "maxspeed": "50",
          "name": "環河西路三段",
          "name:en": "Section 3, Huanhe West Road",
          "name:zh": "環河西路三段",
          "oneway": "yes",
          "surface": "asphalt"
        },
        "geometry": {
          "type": "LineString",
          "coordinates": [
            [
              121.4890565,
              25.0107742
            ],
            [
              121.4896187,
              25.0100325
            ],
            [
              121.4898184,
              25.0097691
            ],
            [
              121.4900671,
              25.0095064
            ],
            [
              121.490178,
              25.0094062
            ],
            [
              121.490604,
              25.0090553
            ],
            [
              121.4908521,
              25.0088592
            ],
            [
              121.4914242,
              25.0085037
            ],
            [
              121.4920783,
              25.0082067
            ],
            [
              121.4921776,
              25.008165
            ],
            [
              121.4923946,
              25.0080888
            ],
            [
              121.4930385,
              25.0078968
            ],
            [
              121.4933291,
              25.0078357
            ],
            [
              121.4936016,
              25.0077785
            ],
            [
              121.4941543,
              25.0077108
            ],
            [
              121.4949966,
              25.0076622
            ],
            [
              121.4952386,
              25.007664
            ],
            [
              121.4955223,
              25.0076792
            ],
            [
              121.4957972,
              25.0077072
            ],
            [
              121.4963202,
              25.0078008
            ],
            [
              121.4969224,
              25.0079612
            ],
            [
              121.4976613,
              25.0081617
            ],
            [
              121.4983688,
              25.008455
            ]
          ]
        },
        "id": "way/251880567"
      },
      {
        "type": "Feature",
        "properties": {
          "@id": "way/251880800",
          "bridge": "yes",
          "highway": "tertiary",
          "lit": "yes",
          "name": "福祥路",
          "name:en": "Fuxiang Road",
          "name:zh": "福祥路",
          "oneway": "yes",
          "surface": "asphalt"
        },
        "geometry": {
          "type": "LineString",
          "coordinates": [
            [
              121.4984892,
              25.0086411
            ],
            [
              121.4984456,
              25.008492
            ],
            [
              121.4983994,
              25.0081936
            ]
          ]
        },
        "id": "way/251880800"
      },
      {
        "type": "Feature",
        "properties": {
          "@id": "way/251880801",
          "highway": "tertiary",
          "lanes": "2",
          "lit": "yes",
          "name": "福祥路",
          "name:en": "Fuxiang Road",
          "name:zh": "福祥路",
          "oneway": "yes",
          "surface": "asphalt"
        },
        "geometry": {
          "type": "LineString",
          "coordinates": [
            [
              121.4983901,
              25.0076868
            ],
            [
              121.4984156,
              25.0077897
            ],
            [
              121.4984867,
              25.0081531
            ]
          ]
        },
        "id": "way/251880801"
      },
      {
        "type": "Feature",
        "properties": {
          "@id": "way/251880802",
          "bridge": "yes",
          "highway": "tertiary",
          "lanes": "1",
          "lit": "yes",
          "name": "福祥路",
          "oneway": "yes",
          "surface": "asphalt"
        },
        "geometry": {
          "type": "LineString",
          "coordinates": [
            [
              121.4984867,
              25.0081531
            ],
            [
              121.4985537,
              25.0085448
            ],
            [
              121.4984892,
              25.0086411
            ]
          ]
        },
        "id": "way/251880802"
      },
      {
        "type": "Feature",
        "properties": {
          "@id": "way/251880804",
          "bridge": "yes",
          "highway": "tertiary",
          "lit": "yes",
          "name": "環河西路二段",
          "name:en": "Section 2, Huanhe West Road",
          "name:zh": "環河西路二段",
          "oneway": "yes",
          "surface": "asphalt"
        },
        "geometry": {
          "type": "LineString",
          "coordinates": [
            [
              121.4983688,
              25.008455
            ],
            [
              121.4984456,
              25.008492
            ],
            [
              121.4985537,
              25.0085448
            ],
            [
              121.4988565,
              25.0086993
            ]
          ]
        },
        "id": "way/251880804"
      },
      {
        "type": "Feature",
        "properties": {
          "@id": "way/251880805",
          "bridge": "yes",
          "highway": "tertiary",
          "lit": "yes",
          "name": "環河西路二段",
          "name:en": "Section 2, Huanhe West Road",
          "name:zh": "環河西路二段",
          "oneway": "yes",
          "surface": "asphalt"
        },
        "geometry": {
          "type": "LineString",
          "coordinates": [
            [
              121.4988104,
              25.0088003
            ],
            [
              121.4984892,
              25.0086411
            ],
            [
              121.4982442,
              25.0085421
            ]
          ]
        },
        "id": "way/251880805"
      },
      {
        "type": "Feature",
        "properties": {
          "@id": "way/251880900",
          "highway": "tertiary",
          "lanes": "3",
          "lit": "yes",
          "name": "環河西路二段",
          "name:en": "Section 2, Huanhe West Road",
          "name:zh": "環河西路二段",
          "oneway": "yes",
          "surface": "asphalt"
        },
        "geometry": {
          "type": "LineString",
          "coordinates": [
            [
              121.4988565,
              25.0086993
            ],
            [
              121.4995836,
              25.0091113
            ]
          ]
        },
        "id": "way/251880900"
      },
      {
        "type": "Feature",
        "properties": {
          "@id": "way/251880916",
          "cycleway:both": "no",
          "foot": "no",
          "highway": "tertiary",
          "lanes": "1",
          "lit": "yes",
          "name": "環河西路二段",
          "name:en": "Section 2, Huanhe West Road",
          "name:zh": "環河西路二段",
          "oneway": "yes",
          "sidewalk": "no",
          "surface": "asphalt"
        },
        "geometry": {
          "type": "LineString",
          "coordinates": [
            [
              121.5111882,
              25.0177482
            ],
            [
              121.5104287,
              25.0175198
            ],
            [
              121.5095641,
              25.017161
            ],
            [
              121.5089695,
              25.0168637
            ],
            [
              121.5085712,
              25.0166401
            ],
            [
              121.5083483,
              25.0164885
            ],
            [
              121.5078256,
              25.0161175
            ],
            [
              121.5069471,
              25.0153832
            ],
            [
              121.5060884,
              25.0145792
            ],
            [
              121.5055029,
              25.0140177
            ],
            [
              121.5053195,
              25.0138417
            ],
            [
              121.5048188,
              25.0134144
            ],
            [
              121.5045204,
              25.0131573
            ],
            [
              121.5044731,
              25.0131249
            ],
            [
              121.5044502,
              25.0131077
            ],
            [
              121.50424,
              25.0129671
            ],
            [
              121.502974,
              25.0119439
            ],
            [
              121.502715,
              25.0116896
            ]
          ]
        },
        "id": "way/251880916"
      },
      {
        "type": "Feature",
        "properties": {
          "@id": "way/251880918",
          "cycleway:both": "no",
          "highway": "tertiary",
          "lanes": "1",
          "lit": "yes",
          "name": "保生路",
          "oneway": "yes",
          "sidewalk": "right",
          "surface": "asphalt"
        },
        "geometry": {
          "type": "LineString",
          "coordinates": [
            [
              121.5044731,
              25.0131249
            ],
            [
              121.5045241,
              25.0130361
            ],
            [
              121.5045324,
              25.0129616
            ],
            [
              121.5045518,
              25.0127606
            ],
            [
              121.5046017,
              25.0123122
            ],
            [
              121.5046338,
              25.0120235
            ],
            [
              121.5047583,
              25.0116086
            ]
          ]
        },
        "id": "way/251880918"
      },
      {
        "type": "Feature",
        "properties": {
          "@id": "way/251904346",
          "highway": "tertiary",
          "name": "文化路二段",
          "oneway": "yes"
        },
        "geometry": {
          "type": "LineString",
          "coordinates": [
            [
              121.4812925,
              25.0360829
            ],
            [
              121.4811712,
              25.0360847
            ]
          ]
        },
        "id": "way/251904346"
      },
      {
        "type": "Feature",
        "properties": {
          "@id": "way/251904347",
          "highway": "tertiary",
          "oneway": "yes"
        },
        "geometry": {
          "type": "LineString",
          "coordinates": [
            [
              121.4767785,
              25.0351336
            ],
            [
              121.4766953,
              25.0350549
            ],
            [
              121.4764992,
              25.0349365
            ]
          ]
        },
        "id": "way/251904347"
      },
      {
        "type": "Feature",
        "properties": {
          "@id": "way/252657386",
          "highway": "tertiary",
          "lanes": "2",
          "lit": "yes",
          "name": "莒光路",
          "name:en": "Juguang Road",
          "name:nan": "Kú-kong-lō͘",
          "name:nan-Hant": "莒光路",
          "name:nan-Latn-pehoeji": "Kú-kong-lō͘",
          "name:nan-Latn-tailo": "Kú-kong-lōo",
          "name:zh": "莒光路",
          "oneway": "yes",
          "surface": "asphalt"
        },
        "geometry": {
          "type": "LineString",
          "coordinates": [
            [
              121.5041645,
              25.0312883
            ],
            [
              121.5040679,
              25.0312906
            ],
            [
              121.5037378,
              25.031278
            ],
            [
              121.5028756,
              25.0312666
            ],
            [
              121.5022707,
              25.0312509
            ],
            [
              121.5022215,
              25.031251
            ],
            [
              121.5020087,
              25.0312512
            ],
            [
              121.5006941,
              25.0312209
            ],
            [
              121.5005836,
              25.0312184
            ]
          ]
        },
        "id": "way/252657386"
      },
      {
        "type": "Feature",
        "properties": {
          "@id": "way/252657387",
          "highway": "tertiary",
          "lanes": "2",
          "name": "莒光路",
          "name:en": "Juguang Road",
          "name:nan": "Kú-kong-lō͘",
          "name:nan-Hant": "莒光路",
          "name:nan-Latn-pehoeji": "Kú-kong-lō͘",
          "name:nan-Latn-tailo": "Kú-kong-lōo",
          "name:zh": "莒光路",
          "oneway": "yes",
          "surface": "asphalt"
        },
        "geometry": {
          "type": "LineString",
          "coordinates": [
            [
              121.5005836,
              25.0312184
            ],
            [
              121.5004923,
              25.0312146
            ],
            [
              121.4997604,
              25.0311839
            ],
            [
              121.4990374,
              25.0311633
            ],
            [
              121.4982523,
              25.0311476
            ],
            [
              121.4976601,
              25.0311351
            ],
            [
              121.4969115,
              25.0311276
            ]
          ]
        },
        "id": "way/252657387"
      },
      {
        "type": "Feature",
        "properties": {
          "@id": "way/253772652",
          "highway": "tertiary",
          "name": "立業路",
          "name:en": "Liye Road",
          "name:zh": "立業路",
          "old_name": "永和路",
          "ref": "北92",
          "ref:en": "TP92",
          "ref:zh": "北92",
          "surface": "asphalt"
        },
        "geometry": {
          "type": "LineString",
          "coordinates": [
            [
              121.4931321,
              25.0073672
            ],
            [
              121.4932105,
              25.0073964
            ],
            [
              121.4932756,
              25.0074152
            ],
            [
              121.4933132,
              25.0074109
            ],
            [
              121.4933454,
              25.0073927
            ],
            [
              121.4933734,
              25.0073617
            ],
            [
              121.4933916,
              25.0073241
            ],
            [
              121.4934134,
              25.0073055
            ],
            [
              121.4934727,
              25.0072961
            ],
            [
              121.493863,
              25.0072845
            ],
            [
              121.4945221,
              25.0072809
            ],
            [
              121.4949865,
              25.0072902
            ],
            [
              121.4950906,
              25.0072738
            ]
          ]
        },
        "id": "way/253772652"
      },
      {
        "type": "Feature",
        "properties": {
          "@id": "way/253772656",
          "highway": "tertiary",
          "name": "立業路",
          "name:en": "Liye Road",
          "name:zh": "立業路",
          "old_name": "永和路",
          "ref": "北92",
          "ref:en": "TP92",
          "ref:zh": "北92"
        },
        "geometry": {
          "type": "LineString",
          "coordinates": [
            [
              121.4905196,
              25.0081262
            ],
            [
              121.4906236,
              25.0077986
            ],
            [
              121.490739,
              25.0074446
            ]
          ]
        },
        "id": "way/253772656"
      },
      {
        "type": "Feature",
        "properties": {
          "@id": "way/253772664",
          "highway": "tertiary",
          "name": "中板路",
          "old_name": "永和路",
          "ref": "北92",
          "ref:en": "TP92",
          "ref:zh": "北92"
        },
        "geometry": {
          "type": "LineString",
          "coordinates": [
            [
              121.4838142,
              25.0119022
            ],
            [
              121.4842565,
              25.0117676
            ],
            [
              121.4843287,
              25.0117524
            ],
            [
              121.4845905,
              25.0116716
            ],
            [
              121.4848251,
              25.0116667
            ],
            [
              121.4849499,
              25.0117531
            ]
          ]
        },
        "id": "way/253772664"
      },
      {
        "type": "Feature",
        "properties": {
          "@id": "way/254036676",
          "highway": "tertiary",
          "oneway": "yes"
        },
        "geometry": {
          "type": "LineString",
          "coordinates": [
            [
              121.5095568,
              25.0303975
            ],
            [
              121.5095861,
              25.0305471
            ],
            [
              121.5096175,
              25.0306944
            ]
          ]
        },
        "id": "way/254036676"
      },
      {
        "type": "Feature",
        "properties": {
          "@id": "way/255691585",
          "highway": "tertiary",
          "name": "立業路",
          "name:en": "Liye Road",
          "name:zh": "立業路",
          "old_name": "永和路",
          "ref": "北92",
          "ref:en": "TP92",
          "ref:zh": "北92"
        },
        "geometry": {
          "type": "LineString",
          "coordinates": [
            [
              121.4931321,
              25.0073672
            ],
            [
              121.4929359,
              25.0073503
            ],
            [
              121.492739,
              25.0073719
            ],
            [
              121.4922697,
              25.0073162
            ],
            [
              121.4919539,
              25.0072997
            ],
            [
              121.4918969,
              25.0073192
            ],
            [
              121.4918446,
              25.0073562
            ],
            [
              121.4918158,
              25.0073805
            ],
            [
              121.4917843,
              25.0074085
            ],
            [
              121.4917528,
              25.0074255
            ],
            [
              121.4916931,
              25.0074316
            ],
            [
              121.4914755,
              25.0074307
            ],
            [
              121.4912985,
              25.0074179
            ],
            [
              121.4910115,
              25.0073948
            ],
            [
              121.4909149,
              25.0073924
            ],
            [
              121.4908398,
              25.0074009
            ],
            [
              121.4907821,
              25.0074203
            ],
            [
              121.490739,
              25.0074446
            ]
          ]
        },
        "id": "way/255691585"
      },
      {
        "type": "Feature",
        "properties": {
          "@id": "way/257574574",
          "highway": "tertiary",
          "name": "三民路二段245巷",
          "ref": "北92",
          "ref:en": "TP92",
          "ref:zh": "北92"
        },
        "geometry": {
          "type": "LineString",
          "coordinates": [
            [
              121.4818216,
              25.0125071
            ],
            [
              121.4816075,
              25.0125974
            ],
            [
              121.4811811,
              25.0125925
            ],
            [
              121.4810765,
              25.0125889
            ],
            [
              121.4809612,
              25.0125865
            ],
            [
              121.4801419,
              25.0125626
            ],
            [
              121.4790033,
              25.0125303
            ]
          ]
        },
        "id": "way/257574574"
      },
      {
        "type": "Feature",
        "properties": {
          "@id": "way/262211597",
          "highway": "tertiary",
          "lit": "yes",
          "name": "環河南路二段",
          "name:en": "Section 1, Huanhe South Road",
          "name:nan": "Khoân-hô Lâm-lō͘ 2-tōaⁿ",
          "name:nan-Hant": "環河南路二段",
          "name:nan-Latn-pehoeji": "Khoân-hô Lâm-lō͘ 2-tōaⁿ",
          "name:nan-Latn-tailo": "Khuân-hô Lâm-lōo 2-tuānn",
          "name:zh": "環河南路二段",
          "oneway": "yes",
          "surface": "asphalt"
        },
        "geometry": {
          "type": "LineString",
          "coordinates": [
            [
              121.4970577,
              25.0385038
            ],
            [
              121.4969347,
              25.0383878
            ],
            [
              121.4968268,
              25.0382695
            ],
            [
              121.4963631,
              25.037712
            ],
            [
              121.4963608,
              25.0377094
            ],
            [
              121.496169,
              25.0375186
            ],
            [
              121.495884,
              25.0372084
            ],
            [
              121.4956705,
              25.0369798
            ],
            [
              121.4956478,
              25.036953
            ],
            [
              121.4955431,
              25.0368198
            ],
            [
              121.4954904,
              25.0367543
            ],
            [
              121.4953791,
              25.0366267
            ],
            [
              121.4950003,
              25.0362099
            ],
            [
              121.4949106,
              25.0361081
            ],
            [
              121.4945528,
              25.0357017
            ],
            [
              121.4945292,
              25.0356766
            ],
            [
              121.4943671,
              25.0354922
            ]
          ]
        },
        "id": "way/262211597"
      },
      {
        "type": "Feature",
        "properties": {
          "@id": "way/262312352",
          "cycleway:both": "no",
          "highway": "tertiary",
          "lit": "yes",
          "name": "中山路一段",
          "name:en": "Section 1 Zhongshan Road",
          "name:zh": "中山路一段",
          "oneway": "yes",
          "ref": "北88",
          "ref:en": "TP88",
          "ref:zh": "北88",
          "sidewalk": "right",
          "surface": "asphalt"
        },
        "geometry": {
          "type": "LineString",
          "coordinates": [
            [
              121.5145168,
              25.0103486
            ],
            [
              121.513889,
              25.0104638
            ],
            [
              121.5138488,
              25.0104726
            ],
            [
              121.512949,
              25.0106685
            ],
            [
              121.5128629,
              25.0106884
            ],
            [
              121.5122509,
              25.0108032
            ],
            [
              121.5119944,
              25.0108257
            ],
            [
              121.5117437,
              25.010798
            ],
            [
              121.511528,
              25.0107517
            ],
            [
              121.5114681,
              25.0107318
            ],
            [
              121.5113968,
              25.0107082
            ],
            [
              121.5112589,
              25.0106247
            ]
          ]
        },
        "id": "way/262312352"
      },
      {
        "type": "Feature",
        "properties": {
          "@id": "way/262844200",
          "bicycle": "yes",
          "foot": "no",
          "highway": "tertiary",
          "lanes": "6",
          "lit": "yes",
          "name": "重慶南路一段",
          "name:en": "Chongqing South Road Section 1",
          "name:nan": "Tiông-khèng Lâm-lō͘ 1-tōaⁿ",
          "name:nan-Hant": "重慶南路一段",
          "name:nan-Latn-pehoeji": "Tiông-khèng Lâm-lō͘ 1-tōaⁿ",
          "name:nan-Latn-tailo": "Tiông-khìng Lâm-lōo 1-tuānn",
          "name:zh": "重慶南路一段",
          "name:zh-Hans": "重庆南路一段",
          "name:zh-Hant": "重慶南路一段",
          "oneway": "no",
          "surface": "asphalt",
          "wikidata": "Q15911843",
          "wikipedia": "zh:重慶南路 (臺北市)"
        },
        "geometry": {
          "type": "LineString",
          "coordinates": [
            [
              121.5125407,
              25.0362296
            ],
            [
              121.5125033,
              25.0355923
            ],
            [
              121.5124996,
              25.0355347
            ]
          ]
        },
        "id": "way/262844200"
      },
      {
        "type": "Feature",
        "properties": {
          "@id": "way/263782228",
          "highway": "tertiary",
          "name": "中原街",
          "ref": "北92",
          "ref:en": "TP92",
          "ref:zh": "北92"
        },
        "geometry": {
          "type": "LineString",
          "coordinates": [
            [
              121.4880173,
              25.0094469
            ],
            [
              121.4890753,
              25.0088408
            ],
            [
              121.4896399,
              25.0085455
            ],
            [
              121.4901241,
              25.0083064
            ],
            [
              121.4902371,
              25.0082461
            ],
            [
              121.4903601,
              25.0082039
            ],
            [
              121.4905196,
              25.0081262
            ]
          ]
        },
        "id": "way/263782228"
      },
      {
        "type": "Feature",
        "properties": {
          "@id": "way/264995556",
          "highway": "tertiary",
          "lit": "yes",
          "name": "康定路",
          "name:en": "Kangding Road",
          "name:nan": "Khong-tēng-lō͘",
          "name:nan-Hant": "康定路",
          "name:nan-Latn-pehoeji": "Khong-tēng-lō͘",
          "name:nan-Latn-tailo": "Khong-tīng-lōo",
          "name:zh": "康定路",
          "oneway": "no",
          "surface": "asphalt"
        },
        "geometry": {
          "type": "LineString",
          "coordinates": [
            [
              121.5012267,
              25.0352789
            ],
            [
              121.5012409,
              25.0353581
            ],
            [
              121.5013313,
              25.0358128
            ],
            [
              121.5013648,
              25.0359775
            ],
            [
              121.501387,
              25.0360892
            ],
            [
              121.5014105,
              25.0362396
            ],
            [
              121.5014267,
              25.0363491
            ],
            [
              121.5014485,
              25.036511
            ],
            [
              121.501465,
              25.036609
            ],
            [
              121.5014774,
              25.0366732
            ],
            [
              121.5015202,
              25.0368991
            ],
            [
              121.5015293,
              25.0369469
            ],
            [
              121.5015277,
              25.0369627
            ],
            [
              121.5015937,
              25.0372983
            ],
            [
              121.5016214,
              25.0375129
            ],
            [
              121.501763,
              25.0382707
            ],
            [
              121.5017695,
              25.0383572
            ],
            [
              121.5017704,
              25.0383621
            ],
            [
              121.5017728,
              25.0383774
            ]
          ]
        },
        "id": "way/264995556"
      },
      {
        "type": "Feature",
        "properties": {
          "@id": "way/264998442",
          "highway": "tertiary",
          "lit": "yes",
          "name": "西藏路",
          "name:en": "Xizang Road",
          "name:nan": "Se-chông-lō͘",
          "name:nan-Hant": "西藏路",
          "name:nan-Latn-pehoeji": "Se-chông-lō͘",
          "name:nan-Latn-tailo": "Se-tsông-lōo",
          "name:zh": "西藏路",
          "oneway": "yes",
          "surface": "asphalt"
        },
        "geometry": {
          "type": "LineString",
          "coordinates": [
            [
              121.500464,
              25.0293535
            ],
            [
              121.5005836,
              25.0293697
            ]
          ]
        },
        "id": "way/264998442"
      },
      {
        "type": "Feature",
        "properties": {
          "@id": "way/266504546",
          "cycleway:both": "no",
          "highway": "tertiary",
          "name": "環河西路一段",
          "name:en": "Section 1, Huanhe West Road",
          "name:zh": "環河西路一段",
          "oneway": "yes",
          "sidewalk": "right",
          "surface": "asphalt"
        },
        "geometry": {
          "type": "LineString",
          "coordinates": [
            [
              121.5112261,
              25.0176745
            ],
            [
              121.5116434,
              25.017808
            ],
            [
              121.5120857,
              25.0179208
            ],
            [
              121.5124008,
              25.0179972
            ],
            [
              121.5125173,
              25.0180259
            ],
            [
              121.5126265,
              25.0180358
            ],
            [
              121.5133605,
              25.0181074
            ],
            [
              121.5138408,
              25.0181208
            ],
            [
              121.5140677,
              25.0181234
            ],
            [
              121.514977,
              25.0180225
            ],
            [
              121.5153498,
              25.0179958
            ],
            [
              121.5158395,
              25.0179543
            ]
          ]
        },
        "id": "way/266504546"
      },
      {
        "type": "Feature",
        "properties": {
          "@id": "way/266521393",
          "alt_name": "華江二號橋",
          "bridge": "yes",
          "highway": "tertiary",
          "layer": "2",
          "lit": "yes",
          "name": "萬板大橋",
          "name:en": "Wanban Bridge",
          "name:nan": "Bān-pán-tuā-kiô",
          "name:zh": "萬板大橋",
          "oneway": "yes",
          "surface": "asphalt"
        },
        "geometry": {
          "type": "LineString",
          "coordinates": [
            [
              121.4819063,
              25.0273843
            ],
            [
              121.4815996,
              25.0272849
            ],
            [
              121.4813571,
              25.0271713
            ]
          ]
        },
        "id": "way/266521393"
      },
      {
        "type": "Feature",
        "properties": {
          "@id": "way/266521394",
          "alt_name": "華江二號橋",
          "bridge": "yes",
          "highway": "tertiary",
          "layer": "3",
          "lit": "yes",
          "name": "萬板大橋",
          "name:en": "Wanban Bridge",
          "name:nan": "Bān-pán-tuā-kiô",
          "name:zh": "萬板大橋",
          "oneway": "yes",
          "surface": "asphalt"
        },
        "geometry": {
          "type": "LineString",
          "coordinates": [
            [
              121.481925,
              25.0273186
            ],
            [
              121.4821716,
              25.0273866
            ],
            [
              121.4826672,
              25.0275274
            ],
            [
              121.4839048,
              25.0279037
            ],
            [
              121.4841194,
              25.0279921
            ],
            [
              121.484518,
              25.0282245
            ],
            [
              121.4846429,
              25.0282917
            ],
            [
              121.4848748,
              25.0284164
            ],
            [
              121.4877151,
              25.0301111
            ],
            [
              121.4881446,
              25.0303731
            ],
            [
              121.4883478,
              25.0304748
            ],
            [
              121.4885206,
              25.0305253
            ],
            [
              121.4887102,
              25.0305758
            ],
            [
              121.4888941,
              25.0306036
            ],
            [
              121.4891145,
              25.0306119
            ],
            [
              121.4893034,
              25.0305989
            ],
            [
              121.4894958,
              25.0305641
            ],
            [
              121.4896521,
              25.0305223
            ],
            [
              121.4897855,
              25.030479
            ],
            [
              121.4900208,
              25.0303677
            ],
            [
              121.4902623,
              25.0301846
            ],
            [
              121.4905197,
              25.0299478
            ],
            [
              121.4907791,
              25.0297083
            ],
            [
              121.4911797,
              25.029353
            ]
          ]
        },
        "id": "way/266521394"
      },
      {
        "type": "Feature",
        "properties": {
          "@id": "way/266521397",
          "bridge": "yes",
          "highway": "tertiary",
          "layer": "2",
          "lit": "yes",
          "oneway": "yes",
          "surface": "asphalt"
        },
        "geometry": {
          "type": "LineString",
          "coordinates": [
            [
              121.4813571,
              25.0271713
            ],
            [
              121.4809889,
              25.0269638
            ],
            [
              121.4806295,
              25.0267183
            ],
            [
              121.480254,
              25.0264874
            ],
            [
              121.4794108,
              25.0259885
            ],
            [
              121.4791628,
              25.0258184
            ]
          ]
        },
        "id": "way/266521397"
      },
      {
        "type": "Feature",
        "properties": {
          "@id": "way/266521398",
          "bridge": "yes",
          "highway": "tertiary",
          "layer": "2",
          "lit": "yes",
          "oneway": "yes",
          "surface": "asphalt"
        },
        "geometry": {
          "type": "LineString",
          "coordinates": [
            [
              121.478979,
              25.0255486
            ],
            [
              121.4792579,
              25.0256507
            ],
            [
              121.4803029,
              25.0263329
            ],
            [
              121.481255,
              25.0269326
            ],
            [
              121.4814726,
              25.0271282
            ]
          ]
        },
        "id": "way/266521398"
      },
      {
        "type": "Feature",
        "properties": {
          "@id": "way/269789001",
          "description": "太陽花學運時曾由警方拒馬封鎖通道",
          "highway": "tertiary",
          "lanes": "6",
          "lit": "yes",
          "name": "重慶南路一段",
          "name:en": "Chongqing South Road Section 1",
          "name:nan": "Tiông-khèng Lâm-lō͘ 1-tōaⁿ",
          "name:nan-Hant": "重慶南路一段",
          "name:nan-Latn-pehoeji": "Tiông-khèng Lâm-lō͘ 1-tōaⁿ",
          "name:nan-Latn-tailo": "Tiông-khìng Lâm-lōo 1-tuānn",
          "name:zh": "重慶南路一段",
          "name:zh-Hans": "重庆南路一段",
          "name:zh-Hant": "重慶南路一段",
          "oneway": "no",
          "surface": "asphalt",
          "wikidata": "Q15911843",
          "wikipedia": "zh:重慶南路 (臺北市)"
        },
        "geometry": {
          "type": "LineString",
          "coordinates": [
            [
              121.5128354,
              25.0387859
            ],
            [
              121.512828,
              25.0387354
            ],
            [
              121.5128219,
              25.0386666
            ],
            [
              121.5127565,
              25.0381015
            ],
            [
              121.5127158,
              25.0377195
            ],
            [
              121.5126996,
              25.0376084
            ],
            [
              121.5126476,
              25.037157
            ],
            [
              121.5126207,
              25.0369235
            ],
            [
              121.5126074,
              25.0368086
            ],
            [
              121.5125649,
              25.03644
            ],
            [
              121.5125407,
              25.0362296
            ]
          ]
        },
        "id": "way/269789001"
      },
      {
        "type": "Feature",
        "properties": {
          "@id": "way/270270328",
          "highway": "tertiary",
          "lanes": "2",
          "name": "福祥路",
          "name:en": "Fuxiang Road",
          "name:zh": "福祥路",
          "surface": "asphalt"
        },
        "geometry": {
          "type": "LineString",
          "coordinates": [
            [
              121.4984552,
              25.0076182
            ],
            [
              121.4983901,
              25.0076868
            ]
          ]
        },
        "id": "way/270270328"
      },
      {
        "type": "Feature",
        "properties": {
          "@id": "way/270270330",
          "highway": "tertiary",
          "name": "永和路",
          "ref": "北92",
          "ref:en": "TP92",
          "ref:zh": "北92"
        },
        "geometry": {
          "type": "LineString",
          "coordinates": [
            [
              121.496502,
              25.0060622
            ],
            [
              121.496455,
              25.0059294
            ],
            [
              121.4964477,
              25.0058981
            ],
            [
              121.4964531,
              25.0058009
            ],
            [
              121.4965014,
              25.0057255
            ],
            [
              121.4966376,
              25.0056351
            ],
            [
              121.4970647,
              25.0054321
            ],
            [
              121.4971351,
              25.0053969
            ],
            [
              121.4973812,
              25.005276
            ],
            [
              121.4976951,
              25.0051289
            ],
            [
              121.497853,
              25.0050591
            ]
          ]
        },
        "id": "way/270270330"
      },
      {
        "type": "Feature",
        "properties": {
          "@id": "way/274653406",
          "highway": "tertiary",
          "name": "西藏路",
          "name:en": "Xizang Road",
          "name:nan": "Se-chông-lō͘",
          "name:nan-Hant": "西藏路",
          "name:nan-Latn-pehoeji": "Se-chông-lō͘",
          "name:nan-Latn-tailo": "Se-tsông-lōo",
          "name:zh": "西藏路",
          "oneway": "yes"
        },
        "geometry": {
          "type": "LineString",
          "coordinates": [
            [
              121.5041569,
              25.0300018
            ],
            [
              121.5043061,
              25.0300177
            ],
            [
              121.5045083,
              25.030048
            ],
            [
              121.5050403,
              25.0301599
            ],
            [
              121.5051562,
              25.0301855
            ],
            [
              121.5053407,
              25.0302263
            ],
            [
              121.5059381,
              25.0303745
            ],
            [
              121.5060819,
              25.0304087
            ],
            [
              121.5062938,
              25.0304592
            ],
            [
              121.506739,
              25.0305587
            ],
            [
              121.5069931,
              25.0306103
            ],
            [
              121.507115,
              25.030614
            ],
            [
              121.5071347,
              25.0306114
            ],
            [
              121.5072715,
              25.0305937
            ]
          ]
        },
        "id": "way/274653406"
      },
      {
        "type": "Feature",
        "properties": {
          "@id": "way/283474011",
          "highway": "tertiary",
          "lit": "yes",
          "name": "三民路二段",
          "name:en": "Section 2, Sanmin Road",
          "name:nan": "Sam-bîn-lō͘ 2-tōaⁿ",
          "name:nan-Hant": "三民路二段",
          "name:nan-Latn-pehoeji": "Sam-bîn-lō͘ 2-tōaⁿ",
          "name:nan-Latn-tailo": "Sam-bîn-lōo 2-tuānn",
          "name:zh": "三民路二段",
          "oneway": "yes",
          "ref": "北91",
          "ref:en": "TP91",
          "ref:zh": "北91",
          "surface": "asphalt"
        },
        "geometry": {
          "type": "LineString",
          "coordinates": [
            [
              121.4790033,
              25.0125303
            ],
            [
              121.4790033,
              25.0125818
            ],
            [
              121.4790258,
              25.0129294
            ],
            [
              121.4790565,
              25.0132566
            ],
            [
              121.4790586,
              25.0132787
            ]
          ]
        },
        "id": "way/283474011"
      },
      {
        "type": "Feature",
        "properties": {
          "@id": "way/283474017",
          "highway": "tertiary",
          "name": "中原街",
          "ref": "北92",
          "ref:en": "TP92",
          "ref:zh": "北92"
        },
        "geometry": {
          "type": "LineString",
          "coordinates": [
            [
              121.4849499,
              25.0117531
            ],
            [
              121.4850422,
              25.0116297
            ],
            [
              121.4853426,
              25.0112371
            ],
            [
              121.4855987,
              25.010994
            ],
            [
              121.4859448,
              25.0107497
            ],
            [
              121.4873281,
              25.009845
            ],
            [
              121.4874461,
              25.0097756
            ],
            [
              121.4875866,
              25.009694
            ],
            [
              121.4880173,
              25.0094469
            ]
          ]
        },
        "id": "way/283474017"
      },
      {
        "type": "Feature",
        "properties": {
          "@id": "way/283478175",
          "highway": "tertiary",
          "name": "圓通路",
          "name:en": "Yuantong Road",
          "name:zh": "圓通路",
          "ref": "北90",
          "ref:en": "TP90",
          "ref:zh": "北90"
        },
        "geometry": {
          "type": "LineString",
          "coordinates": [
            [
              121.5019847,
              24.9980282
            ],
            [
              121.5018184,
              24.9980118
            ],
            [
              121.5016119,
              24.9979947
            ],
            [
              121.5014349,
              24.9979619
            ],
            [
              121.5012621,
              24.9979125
            ],
            [
              121.5011423,
              24.9978372
            ],
            [
              121.5004837,
              24.9973739
            ]
          ]
        },
        "id": "way/283478175"
      },
      {
        "type": "Feature",
        "properties": {
          "@id": "way/289374718",
          "highway": "tertiary",
          "lit": "yes",
          "name": "中和路",
          "name:en": "Zhonghe Road",
          "name:nan": "Tiong-hô-lō͘",
          "name:nan-Hant": "中和路",
          "name:nan-Latn-pehoeji": "Tiong-hô-lō͘",
          "name:nan-Latn-tailo": "Tiong-hô-lōo",
          "name:zh": "中和路",
          "oneway": "no",
          "ref": "北99",
          "ref:en": "TP99",
          "ref:zh": "北99",
          "surface": "asphalt"
        },
        "geometry": {
          "type": "LineString",
          "coordinates": [
            [
              121.4994951,
              25.0025979
            ],
            [
              121.4995248,
              25.0023817
            ],
            [
              121.4996696,
              25.0021271
            ],
            [
              121.4998701,
              25.0017926
            ],
            [
              121.4999492,
              25.0016639
            ],
            [
              121.5000377,
              25.0015131
            ],
            [
              121.5001086,
              25.0013941
            ]
          ]
        },
        "id": "way/289374718"
      },
      {
        "type": "Feature",
        "properties": {
          "@id": "way/289374719",
          "highway": "tertiary",
          "lit": "yes",
          "name": "中山路二段",
          "oneway": "yes",
          "ref": "北88",
          "ref:en": "TP88",
          "ref:zh": "北88",
          "surface": "asphalt"
        },
        "geometry": {
          "type": "LineString",
          "coordinates": [
            [
              121.4994951,
              25.0025979
            ],
            [
              121.4996057,
              25.0026119
            ],
            [
              121.4996767,
              25.0026157
            ],
            [
              121.4998635,
              25.0026255
            ],
            [
              121.4998952,
              25.0026272
            ],
            [
              121.5000153,
              25.0026336
            ],
            [
              121.5000988,
              25.0026381
            ],
            [
              121.5001908,
              25.0026508
            ],
            [
              121.5002838,
              25.0026636
            ],
            [
              121.5005114,
              25.0026828
            ],
            [
              121.5009128,
              25.0027166
            ],
            [
              121.5016655,
              25.0028094
            ],
            [
              121.5018579,
              25.0028961
            ],
            [
              121.5022798,
              25.0031714
            ],
            [
              121.50256,
              25.0033978
            ],
            [
              121.5027356,
              25.0035437
            ],
            [
              121.5033375,
              25.0040178
            ],
            [
              121.5040154,
              25.0046262
            ],
            [
              121.5042953,
              25.0048545
            ],
            [
              121.5049484,
              25.0053874
            ],
            [
              121.505378,
              25.0057379
            ],
            [
              121.5054414,
              25.0057873
            ]
          ]
        },
        "id": "way/289374719"
      },
      {
        "type": "Feature",
        "properties": {
          "@id": "way/289374720",
          "highway": "tertiary",
          "lit": "yes",
          "name": "中山路二段",
          "oneway": "yes",
          "ref": "北99",
          "ref:en": "TP99",
          "ref:zh": "北99",
          "surface": "asphalt"
        },
        "geometry": {
          "type": "LineString",
          "coordinates": [
            [
              121.4995395,
              25.0026855
            ],
            [
              121.4992914,
              25.002666
            ],
            [
              121.4990623,
              25.0026461
            ],
            [
              121.4987285,
              25.0026162
            ],
            [
              121.4986787,
              25.0026126
            ],
            [
              121.4984039,
              25.0025891
            ],
            [
              121.4980095,
              25.0025549
            ],
            [
              121.497797,
              25.0025364
            ],
            [
              121.4972414,
              25.0024883
            ],
            [
              121.4968889,
              25.0024577
            ],
            [
              121.4968476,
              25.0024541
            ],
            [
              121.4967507,
              25.0024457
            ]
          ]
        },
        "id": "way/289374720"
      },
      {
        "type": "Feature",
        "properties": {
          "@id": "way/289374723",
          "bridge": "yes",
          "highway": "tertiary",
          "lit": "yes",
          "name": "雙和橋",
          "oneway": "yes",
          "ref": "北88",
          "ref:en": "TP88",
          "ref:zh": "北88",
          "surface": "asphalt"
        },
        "geometry": {
          "type": "LineString",
          "coordinates": [
            [
              121.5054414,
              25.0057873
            ],
            [
              121.5057063,
              25.0060147
            ]
          ]
        },
        "id": "way/289374723"
      },
      {
        "type": "Feature",
        "properties": {
          "@id": "way/293207799",
          "highway": "tertiary",
          "lit": "yes",
          "name": "西藏路",
          "name:en": "Xizang Road",
          "name:nan": "Se-chông-lō͘",
          "name:nan-Hant": "西藏路",
          "name:nan-Latn-pehoeji": "Se-chông-lō͘",
          "name:nan-Latn-tailo": "Se-tsông-lōo",
          "name:zh": "西藏路",
          "oneway": "yes",
          "surface": "asphalt"
        },
        "geometry": {
          "type": "LineString",
          "coordinates": [
            [
              121.5041372,
              25.0300915
            ],
            [
              121.5039869,
              25.0300646
            ],
            [
              121.5029956,
              25.0298874
            ],
            [
              121.5024785,
              25.0297866
            ],
            [
              121.5023737,
              25.0297699
            ],
            [
              121.5022915,
              25.0297561
            ],
            [
              121.5022226,
              25.0297419
            ],
            [
              121.5021547,
              25.0297258
            ],
            [
              121.5018838,
              25.0296845
            ],
            [
              121.5009786,
              25.0295459
            ],
            [
              121.5007694,
              25.0295143
            ],
            [
              121.5006986,
              25.0295084
            ],
            [
              121.5005838,
              25.0294988
            ]
          ]
        },
        "id": "way/293207799"
      },
      {
        "type": "Feature",
        "properties": {
          "@id": "way/297240246",
          "highway": "tertiary",
          "lit": "yes",
          "name": "德光路",
          "name:en": "Deguang Road",
          "name:zh": "德光路",
          "oneway": "no",
          "surface": "asphalt"
        },
        "geometry": {
          "type": "LineString",
          "coordinates": [
            [
              121.46881,
              25.0035011
            ],
            [
              121.4686796,
              25.003448
            ],
            [
              121.4684101,
              25.0033383
            ],
            [
              121.4680495,
              25.0031974
            ],
            [
              121.4678238,
              25.0031093
            ]
          ]
        },
        "id": "way/297240246"
      },
      {
        "type": "Feature",
        "properties": {
          "@id": "way/297240255",
          "highway": "tertiary",
          "name": "漢生東路",
          "name:en": "Hansheng West Road",
          "name:nan": "Hàn-seng Tang-lō͘",
          "name:nan-Hant": "漢生東路",
          "name:nan-Latn-pehoeji": "Hàn-seng Tang-lō͘",
          "name:nan-Latn-tailo": "Hàn-sing Tang-lōo",
          "name:zh": "漢生東路",
          "oneway": "yes",
          "sidewalk": "right",
          "surface": "asphalt"
        },
        "geometry": {
          "type": "LineString",
          "coordinates": [
            [
              121.4686746,
              25.0133247
            ],
            [
              121.4683681,
              25.0136745
            ],
            [
              121.4678406,
              25.0142782
            ],
            [
              121.4676877,
              25.0144628
            ],
            [
              121.467676,
              25.0144733
            ],
            [
              121.4674647,
              25.014727
            ],
            [
              121.4674097,
              25.0147927
            ],
            [
              121.4672089,
              25.0150026
            ],
            [
              121.4669729,
              25.0152803
            ],
            [
              121.4668535,
              25.0154207
            ]
          ]
        },
        "id": "way/297240255"
      },
      {
        "type": "Feature",
        "properties": {
          "@id": "way/297240256",
          "highway": "tertiary",
          "lit": "yes",
          "name": "環河南路二段",
          "name:en": "Huanhe South Road Section 2",
          "name:nan": "Khoân-hô Lâm-lō͘ 2-tōaⁿ",
          "name:nan-Hant": "環河南路二段",
          "name:nan-Latn-pehoeji": "Khoân-hô Lâm-lō͘ 2-tōaⁿ",
          "name:nan-Latn-tailo": "Khuân-hô Lâm-lōo 2-tuānn",
          "name:zh": "環河南路二段",
          "oneway": "yes",
          "surface": "asphalt"
        },
        "geometry": {
          "type": "LineString",
          "coordinates": [
            [
              121.4913446,
              25.0320847
            ],
            [
              121.4913016,
              25.0320343
            ],
            [
              121.4909527,
              25.0316256
            ],
            [
              121.4907404,
              25.0314008
            ],
            [
              121.4907109,
              25.0313696
            ]
          ]
        },
        "id": "way/297240256"
      },
      {
        "type": "Feature",
        "properties": {
          "@id": "way/297240258",
          "cycleway:both": "track",
          "cycleway:both:segregated": "no",
          "highway": "tertiary",
          "lanes": "4",
          "lit": "yes",
          "name": "莒光路",
          "name:en": "Juguang Road",
          "name:zh": "莒光路",
          "oneway": "no",
          "sidewalk": "both",
          "surface": "asphalt"
        },
        "geometry": {
          "type": "LineString",
          "coordinates": [
            [
              121.4718491,
              25.0064732
            ],
            [
              121.4718424,
              25.0065425
            ]
          ]
        },
        "id": "way/297240258"
      },
      {
        "type": "Feature",
        "properties": {
          "@id": "way/297240259",
          "highway": "tertiary",
          "lanes": "4",
          "lit": "yes",
          "name": "莒光路",
          "name:en": "Juguang Road",
          "name:zh": "莒光路",
          "oneway": "no",
          "surface": "asphalt"
        },
        "geometry": {
          "type": "LineString",
          "coordinates": [
            [
              121.4720476,
              25.0048148
            ],
            [
              121.4720416,
              25.0048585
            ],
            [
              121.4720338,
              25.0049214
            ],
            [
              121.4720101,
              25.0051124
            ],
            [
              121.4719373,
              25.0057002
            ],
            [
              121.4718903,
              25.0060793
            ],
            [
              121.4718505,
              25.00635
            ],
            [
              121.4718491,
              25.0064732
            ]
          ]
        },
        "id": "way/297240259"
      },
      {
        "type": "Feature",
        "properties": {
          "@id": "way/301740074",
          "highway": "tertiary",
          "lit": "yes",
          "name": "環河西路四段",
          "name:en": "Huanhe West Road Section 4",
          "name:nan": "Khoân-hô-se-lō͘ 4-tōaⁿ",
          "name:nan-Hant": "環河西路四段",
          "name:nan-Latn-pehoeji": "Khoân-hô-se-lō͘ 4-tōaⁿ",
          "name:nan-Latn-tailo": "Khuân-hô-se-lōo 4-tuānn",
          "name:zh": "環河西路四段",
          "oneway": "yes",
          "surface": "asphalt"
        },
        "geometry": {
          "type": "LineString",
          "coordinates": [
            [
              121.4687332,
              25.0354026
            ],
            [
              121.4692935,
              25.0356421
            ]
          ]
        },
        "id": "way/301740074"
      },
      {
        "type": "Feature",
        "properties": {
          "@id": "way/301740075",
          "highway": "tertiary",
          "name": "環河西路四段",
          "name:en": "Huanhe West Road Section 4",
          "name:zh": "環河西路四段",
          "oneway": "yes",
          "surface": "asphalt"
        },
        "geometry": {
          "type": "LineString",
          "coordinates": [
            [
              121.4773517,
              25.0375817
            ],
            [
              121.4774711,
              25.0375717
            ],
            [
              121.4775816,
              25.0375777
            ],
            [
              121.4781985,
              25.037599
            ],
            [
              121.4788874,
              25.0375883
            ],
            [
              121.4800139,
              25.037495
            ],
            [
              121.4802096,
              25.0374457
            ],
            [
              121.4804815,
              25.0373576
            ],
            [
              121.4807405,
              25.0371927
            ],
            [
              121.4809173,
              25.0370556
            ],
            [
              121.4810557,
              25.036922
            ],
            [
              121.481188,
              25.0367149
            ],
            [
              121.4812733,
              25.0364683
            ],
            [
              121.4812925,
              25.0360829
            ],
            [
              121.4813093,
              25.0356387
            ],
            [
              121.4813107,
              25.0355574
            ],
            [
              121.4813115,
              25.0355465
            ],
            [
              121.4814014,
              25.034099
            ],
            [
              121.4814323,
              25.0338493
            ],
            [
              121.4815315,
              25.0332894
            ],
            [
              121.4816692,
              25.03269
            ],
            [
              121.481712,
              25.0325038
            ],
            [
              121.4819017,
              25.031908
            ],
            [
              121.4819597,
              25.0317277
            ],
            [
              121.4820754,
              25.0313468
            ],
            [
              121.482211,
              25.0309709
            ],
            [
              121.4825437,
              25.0300506
            ],
            [
              121.4825939,
              25.0299168
            ],
            [
              121.4826865,
              25.0296697
            ],
            [
              121.4828986,
              25.0290889
            ],
            [
              121.4829638,
              25.0289197
            ],
            [
              121.4831513,
              25.0284328
            ],
            [
              121.4832232,
              25.0282718
            ],
            [
              121.4833913,
              25.0278578
            ],
            [
              121.4835109,
              25.0275324
            ],
            [
              121.4837552,
              25.0268946
            ],
            [
              121.4839159,
              25.0264383
            ],
            [
              121.4842478,
              25.0255717
            ],
            [
              121.4843362,
              25.0253497
            ],
            [
              121.4844466,
              25.0250726
            ],
            [
              121.4845054,
              25.0249251
            ],
            [
              121.4845793,
              25.0247396
            ],
            [
              121.4847167,
              25.0244208
            ],
            [
              121.4849684,
              25.0236977
            ],
            [
              121.4849778,
              25.023674
            ],
            [
              121.485,
              25.0236242
            ],
            [
              121.485069,
              25.023434
            ],
            [
              121.4851448,
              25.0232165
            ],
            [
              121.4852286,
              25.0229923
            ],
            [
              121.4853158,
              25.0227571
            ],
            [
              121.4853708,
              25.0226058
            ],
            [
              121.4853942,
              25.0225554
            ],
            [
              121.4854581,
              25.0223856
            ],
            [
              121.4855267,
              25.0221726
            ]
          ]
        },
        "id": "way/301740075"
      },
      {
        "type": "Feature",
        "properties": {
          "@id": "way/301740077",
          "highway": "tertiary",
          "lanes": "2",
          "moped": "no",
          "name": "環河西路四段",
          "name:en": "Huanhe West Road Section 4",
          "name:zh": "環河西路四段",
          "oneway": "yes",
          "surface": "asphalt"
        },
        "geometry": {
          "type": "LineString",
          "coordinates": [
            [
              121.4725802,
              25.0367184
            ],
            [
              121.4717472,
              25.0365221
            ],
            [
              121.4706963,
              25.036242
            ],
            [
              121.4705045,
              25.0361994
            ]
          ]
        },
        "id": "way/301740077"
      },
      {
        "type": "Feature",
        "properties": {
          "@id": "way/303590076",
          "highway": "tertiary",
          "oneway": "yes"
        },
        "geometry": {
          "type": "LineString",
          "coordinates": [
            [
              121.4969115,
              25.0311276
            ],
            [
              121.496783,
              25.0311809
            ]
          ]
        },
        "id": "way/303590076"
      },
      {
        "type": "Feature",
        "properties": {
          "@id": "way/303590077",
          "highway": "tertiary",
          "oneway": "yes"
        },
        "geometry": {
          "type": "LineString",
          "coordinates": [
            [
              121.4967139,
              25.0310436
            ],
            [
              121.4967832,
              25.0310362
            ],
            [
              121.496843,
              25.0310369
            ]
          ]
        },
        "id": "way/303590077"
      },
      {
        "type": "Feature",
        "properties": {
          "@id": "way/306975958",
          "highway": "tertiary",
          "lit": "yes",
          "name": "中和路",
          "name:en": "Zhonghe Road",
          "name:nan": "Tiong-hô-lō͘",
          "name:nan-Hant": "中和路",
          "name:nan-Latn-pehoeji": "Tiong-hô-lō͘",
          "name:nan-Latn-tailo": "Tiong-hô-lōo",
          "name:zh": "中和路",
          "oneway": "yes",
          "surface": "asphalt"
        },
        "geometry": {
          "type": "LineString",
          "coordinates": [
            [
              121.5085985,
              24.9998721
            ],
            [
              121.5081747,
              24.9997128
            ],
            [
              121.5079634,
              24.9996764
            ],
            [
              121.5076544,
              24.9996549
            ]
          ]
        },
        "id": "way/306975958"
      },
      {
        "type": "Feature",
        "properties": {
          "@id": "way/308589613",
          "highway": "tertiary",
          "lanes": "4",
          "lit": "yes",
          "name": "南海路",
          "name:en": "Nanhai Road",
          "name:nan": "Lâm-hái-lō͘",
          "name:nan-Hant": "南海路",
          "name:nan-Latn-pehoeji": "Lâm-hái-lō͘",
          "name:nan-Latn-tailo": "Lâm-hái-lōo",
          "name:zh": "南海路",
          "oneway": "no",
          "surface": "asphalt"
        },
        "geometry": {
          "type": "LineString",
          "coordinates": [
            [
              121.5085402,
              25.0289873
            ],
            [
              121.5082988,
              25.0285129
            ],
            [
              121.5080355,
              25.0280792
            ],
            [
              121.5077255,
              25.0276413
            ],
            [
              121.5076768,
              25.0275767
            ],
            [
              121.5076298,
              25.0275143
            ],
            [
              121.507507,
              25.0273397
            ],
            [
              121.5073761,
              25.0271526
            ],
            [
              121.5073467,
              25.0271137
            ],
            [
              121.5072929,
              25.0270424
            ],
            [
              121.5071359,
              25.0268561
            ],
            [
              121.5070871,
              25.0267593
            ]
          ]
        },
        "id": "way/308589613"
      },
      {
        "type": "Feature",
        "properties": {
          "@id": "way/310110812",
          "highway": "tertiary",
          "lit": "yes",
          "name": "環河南路二段",
          "name:en": "Huanhe South Road Section 2",
          "name:nan": "Khoân-hô Lâm-lō͘ 2-tōaⁿ",
          "name:nan-Hant": "環河南路二段",
          "name:nan-Latn-pehoeji": "Khoân-hô Lâm-lō͘ 2-tōaⁿ",
          "name:nan-Latn-tailo": "Khuân-hô Lâm-lōo 2-tuānn",
          "name:zh": "環河南路二段",
          "oneway": "yes",
          "surface": "asphalt"
        },
        "geometry": {
          "type": "LineString",
          "coordinates": [
            [
              121.4907109,
              25.0313696
            ],
            [
              121.4906406,
              25.0312892
            ],
            [
              121.4902168,
              25.030804
            ],
            [
              121.4900576,
              25.0306216
            ],
            [
              121.4899384,
              25.03049
            ],
            [
              121.4898061,
              25.0303438
            ],
            [
              121.4895619,
              25.0300802
            ],
            [
              121.4894485,
              25.0299546
            ],
            [
              121.4891748,
              25.0296245
            ],
            [
              121.489076,
              25.0294419
            ],
            [
              121.4890184,
              25.029289
            ],
            [
              121.4889442,
              25.0289917
            ],
            [
              121.488936,
              25.0288359
            ],
            [
              121.4889436,
              25.0287359
            ],
            [
              121.4889721,
              25.0285498
            ]
          ]
        },
        "id": "way/310110812"
      },
      {
        "type": "Feature",
        "properties": {
          "@id": "way/310181987",
          "highway": "tertiary",
          "lit": "yes",
          "maxspeed": "30",
          "name": "青年路",
          "name:en": "Qingnian Road",
          "name:nan": "Chheng-liân-lō͘",
          "name:nan-Hant": "青年路",
          "name:nan-Latn-pehoeji": "Chheng-liân-lō͘",
          "name:nan-Latn-tailo": "Tshing-liân-lōo",
          "name:zh": "青年路",
          "name:zh-Hans": "青年路",
          "name:zh-Hant": "青年路",
          "old_name": "克難街",
          "oneway": "no",
          "surface": "asphalt"
        },
        "geometry": {
          "type": "LineString",
          "coordinates": [
            [
              121.5025894,
              25.0220594
            ],
            [
              121.5025272,
              25.0214258
            ],
            [
              121.5023904,
              25.0213002
            ],
            [
              121.5025272,
              25.0211809
            ],
            [
              121.5029765,
              25.0208443
            ],
            [
              121.5034359,
              25.0204839
            ],
            [
              121.5036715,
              25.020319
            ],
            [
              121.5039532,
              25.0201244
            ]
          ]
        },
        "id": "way/310181987"
      },
      {
        "type": "Feature",
        "properties": {
          "@id": "way/310261320",
          "cycleway:both": "shared_lane",
          "cycleway:both:lane": "pictogram",
          "highway": "tertiary",
          "lanes": "4",
          "maxheight": "4.5",
          "name": "區運路",
          "name:en": "Quyun Road",
          "name:nan": "Khu-ūn-lō͘",
          "name:nan-Hant": "區運路",
          "name:nan-Latn-pehoeji": "Khu-ūn-lō͘",
          "name:nan-Latn-tailo": "Khu-ūn-lōo",
          "name:zh": "區運路",
          "surface": "asphalt"
        },
        "geometry": {
          "type": "LineString",
          "coordinates": [
            [
              121.4695231,
              25.0118568
            ],
            [
              121.4693575,
              25.0117768
            ],
            [
              121.4682889,
              25.0112606
            ],
            [
              121.4677746,
              25.0110146
            ],
            [
              121.4676605,
              25.010957
            ],
            [
              121.4675905,
              25.0109161
            ],
            [
              121.4672523,
              25.0107598
            ],
            [
              121.4667627,
              25.0105232
            ],
            [
              121.4663864,
              25.0103324
            ],
            [
              121.465839,
              25.010077
            ],
            [
              121.4657095,
              25.0100144
            ],
            [
              121.4656414,
              25.0099815
            ]
          ]
        },
        "id": "way/310261320"
      },
      {
        "type": "Feature",
        "properties": {
          "@id": "way/310261354",
          "cycleway:right": "track",
          "cycleway:right:segregated": "no",
          "highway": "tertiary",
          "lanes": "2",
          "lit": "yes",
          "maxheight": "4.5",
          "name": "漢生東路",
          "name:en": "Hansheng East Road",
          "name:nan": "Hàn-seng Tang-lō͘",
          "name:nan-Hant": "漢生東路",
          "name:nan-Latn-pehoeji": "Hàn-seng Tang-lō͘",
          "name:nan-Latn-tailo": "Hàn-sing Tang-lōo",
          "name:zh": "漢生東路",
          "oneway": "yes",
          "sidewalk": "right",
          "surface": "asphalt"
        },
        "geometry": {
          "type": "LineString",
          "coordinates": [
            [
              121.4695231,
              25.0118568
            ],
            [
              121.4696137,
              25.0117222
            ],
            [
              121.4701544,
              25.0109188
            ],
            [
              121.4702642,
              25.0107647
            ],
            [
              121.4703739,
              25.0106106
            ],
            [
              121.4706232,
              25.0102659
            ],
            [
              121.4707185,
              25.0100938
            ]
          ]
        },
        "id": "way/310261354"
      },
      {
        "type": "Feature",
        "properties": {
          "@id": "way/310261356",
          "cycleway:right": "track",
          "cycleway:right:segregated": "no",
          "highway": "tertiary",
          "lanes": "2",
          "lit": "yes",
          "name": "漢生東路",
          "name:en": "Hansheng East Road",
          "name:nan": "Hàn-seng Tang-lō͘",
          "name:nan-Hant": "漢生東路",
          "name:nan-Latn-pehoeji": "Hàn-seng Tang-lō͘",
          "name:nan-Latn-tailo": "Hàn-sing Tang-lōo",
          "name:zh": "漢生東路",
          "oneway": "yes",
          "sidewalk": "right",
          "surface": "asphalt"
        },
        "geometry": {
          "type": "LineString",
          "coordinates": [
            [
              121.4696172,
              25.0119012
            ],
            [
              121.4695412,
              25.0120012
            ],
            [
              121.469401,
              25.0121856
            ],
            [
              121.4691675,
              25.0125914
            ],
            [
              121.4687657,
              25.0131865
            ],
            [
              121.4686746,
              25.0133247
            ]
          ]
        },
        "id": "way/310261356"
      },
      {
        "type": "Feature",
        "properties": {
          "@id": "way/310261358",
          "cycleway:right": "track",
          "cycleway:right:segregated": "no",
          "highway": "tertiary",
          "lanes": "2",
          "lit": "yes",
          "maxheight": "4.5",
          "name": "漢生東路",
          "name:en": "Hansheng East Road",
          "name:nan": "Hàn-seng Tang-lō͘",
          "name:nan-Hant": "漢生東路",
          "name:nan-Latn-pehoeji": "Hàn-seng Tang-lō͘",
          "name:nan-Latn-tailo": "Hàn-sing Tang-lōo",
          "name:zh": "漢生東路",
          "oneway": "yes",
          "sidewalk": "right",
          "surface": "asphalt"
        },
        "geometry": {
          "type": "LineString",
          "coordinates": [
            [
              121.4707764,
              25.0101164
            ],
            [
              121.4706905,
              25.0102869
            ],
            [
              121.4701962,
              25.0110666
            ],
            [
              121.4698368,
              25.0115968
            ],
            [
              121.4697131,
              25.0117793
            ],
            [
              121.4697039,
              25.0117929
            ],
            [
              121.4696172,
              25.0119012
            ]
          ]
        },
        "id": "way/310261358"
      },
      {
        "type": "Feature",
        "properties": {
          "@id": "way/310261359",
          "cycleway:right": "no",
          "highway": "tertiary",
          "lane_markings": "no",
          "maxheight": "4.5",
          "name": "漢生東路",
          "name:en": "Hansheng East Road",
          "name:nan": "Hàn-seng Tang-lō͘",
          "name:nan-Hant": "漢生東路",
          "name:nan-Latn-pehoeji": "Hàn-seng Tang-lō͘",
          "name:nan-Latn-tailo": "Hàn-sing Tang-lōo",
          "name:zh": "漢生東路",
          "oneway": "yes",
          "surface": "asphalt"
        },
        "geometry": {
          "type": "LineString",
          "coordinates": [
            [
              121.4707185,
              25.0100938
            ],
            [
              121.4709479,
              25.0096478
            ],
            [
              121.4712717,
              25.0089525
            ],
            [
              121.4714523,
              25.0085976
            ],
            [
              121.4715487,
              25.0084081
            ],
            [
              121.4717901,
              25.0079147
            ],
            [
              121.4719658,
              25.0075367
            ],
            [
              121.4721435,
              25.0071687
            ]
          ]
        },
        "id": "way/310261359"
      },
      {
        "type": "Feature",
        "properties": {
          "@id": "way/310325111",
          "highway": "tertiary",
          "name": "寶興街"
        },
        "geometry": {
          "type": "LineString",
          "coordinates": [
            [
              121.4922617,
              25.028551
            ],
            [
              121.4923109,
              25.0284188
            ],
            [
              121.4924067,
              25.0282794
            ],
            [
              121.4924367,
              25.0282503
            ],
            [
              121.492714,
              25.0279674
            ],
            [
              121.4929755,
              25.0277019
            ]
          ]
        },
        "id": "way/310325111"
      },
      {
        "type": "Feature",
        "properties": {
          "@id": "way/310381193",
          "highway": "tertiary",
          "lit": "yes",
          "name": "東園街",
          "surface": "asphalt"
        },
        "geometry": {
          "type": "LineString",
          "coordinates": [
            [
              121.4987252,
              25.0215498
            ],
            [
              121.4986246,
              25.0215947
            ]
          ]
        },
        "id": "way/310381193"
      },
      {
        "type": "Feature",
        "properties": {
          "@id": "way/310455618",
          "highway": "tertiary",
          "name": "寶興街",
          "name:en": "Baoxing Street",
          "name:zh": "寶興街"
        },
        "geometry": {
          "type": "LineString",
          "coordinates": [
            [
              121.4948859,
              25.0247877
            ],
            [
              121.4949252,
              25.0247064
            ],
            [
              121.495,
              25.0245489
            ],
            [
              121.4951206,
              25.0242948
            ],
            [
              121.4954101,
              25.0237034
            ],
            [
              121.4954276,
              25.0236684
            ],
            [
              121.4954551,
              25.0235826
            ],
            [
              121.4954907,
              25.0234713
            ],
            [
              121.4956891,
              25.0228267
            ],
            [
              121.4957024,
              25.0227834
            ],
            [
              121.4957181,
              25.0227234
            ],
            [
              121.4958187,
              25.0223395
            ],
            [
              121.4958338,
              25.022282
            ],
            [
              121.4958509,
              25.0222287
            ],
            [
              121.495984,
              25.0218141
            ],
            [
              121.4961033,
              25.02139
            ]
          ]
        },
        "id": "way/310455618"
      },
      {
        "type": "Feature",
        "properties": {
          "@id": "way/310455622",
          "highway": "tertiary",
          "name": "寶興街"
        },
        "geometry": {
          "type": "LineString",
          "coordinates": [
            [
              121.4943295,
              25.0260301
            ],
            [
              121.4943646,
              25.0259499
            ],
            [
              121.4946146,
              25.0253805
            ],
            [
              121.49467,
              25.0252603
            ],
            [
              121.4948709,
              25.0248241
            ],
            [
              121.4948859,
              25.0247877
            ]
          ]
        },
        "id": "way/310455622"
      },
      {
        "type": "Feature",
        "properties": {
          "@id": "way/310536323",
          "highway": "tertiary",
          "name": "寶興街"
        },
        "geometry": {
          "type": "LineString",
          "coordinates": [
            [
              121.4929755,
              25.0277019
            ],
            [
              121.4931128,
              25.0275629
            ],
            [
              121.4931519,
              25.0275233
            ],
            [
              121.4933223,
              25.0273531
            ],
            [
              121.4936629,
              25.0270174
            ],
            [
              121.4936907,
              25.02699
            ],
            [
              121.4937979,
              25.0268751
            ]
          ]
        },
        "id": "way/310536323"
      },
      {
        "type": "Feature",
        "properties": {
          "@id": "way/310574396",
          "highway": "tertiary",
          "lit": "yes",
          "name": "東園街",
          "surface": "asphalt"
        },
        "geometry": {
          "type": "LineString",
          "coordinates": [
            [
              121.4964532,
              25.0259273
            ],
            [
              121.4963811,
              25.0260828
            ],
            [
              121.4961803,
              25.0265153
            ],
            [
              121.4958467,
              25.0272336
            ],
            [
              121.4957751,
              25.0273878
            ],
            [
              121.495721,
              25.0275045
            ],
            [
              121.4957168,
              25.0275135
            ],
            [
              121.495609,
              25.0277391
            ],
            [
              121.4955151,
              25.0279578
            ]
          ]
        },
        "id": "way/310574396"
      },
      {
        "type": "Feature",
        "properties": {
          "@id": "way/310617859",
          "highway": "tertiary",
          "name": "寶興街"
        },
        "geometry": {
          "type": "LineString",
          "coordinates": [
            [
              121.4941122,
              25.0264679
            ],
            [
              121.4941424,
              25.026407
            ],
            [
              121.4943096,
              25.0260702
            ],
            [
              121.4943295,
              25.0260301
            ]
          ]
        },
        "id": "way/310617859"
      },
      {
        "type": "Feature",
        "properties": {
          "@id": "way/310677988",
          "highway": "tertiary",
          "lit": "yes",
          "name": "員山路",
          "name:en": "Yuanshan Road",
          "name:zh": "員山路",
          "ref": "北91",
          "ref:en": "TP91",
          "ref:zh": "北91",
          "surface": "asphalt"
        },
        "geometry": {
          "type": "LineString",
          "coordinates": [
            [
              121.4799665,
              25.0060349
            ],
            [
              121.4799983,
              25.005933
            ]
          ]
        },
        "id": "way/310677988"
      },
      {
        "type": "Feature",
        "properties": {
          "@id": "way/310849382",
          "cycleway:right": "track",
          "cycleway:right:segregated": "no",
          "highway": "tertiary",
          "lanes": "4",
          "lit": "yes",
          "name": "漢民路",
          "name:en": "Hanmin Road",
          "name:zh": "漢民路",
          "oneway": "yes",
          "sidewalk": "right",
          "surface": "asphalt"
        },
        "geometry": {
          "type": "LineString",
          "coordinates": [
            [
              121.4725022,
              25.0064465
            ],
            [
              121.4725398,
              25.0063626
            ]
          ]
        },
        "id": "way/310849382"
      },
      {
        "type": "Feature",
        "properties": {
          "@id": "way/310849383",
          "cycleway:right": "track",
          "cycleway:right:segregated": "no",
          "highway": "tertiary",
          "lanes": "2",
          "lit": "yes",
          "name": "漢生東路",
          "name:en": "Hansheng East Road",
          "name:nan": "Hàn-seng Tang-lō͘",
          "name:nan-Hant": "漢生東路",
          "name:nan-Latn-pehoeji": "Hàn-seng Tang-lō͘",
          "name:nan-Latn-tailo": "Hàn-sing Tang-lōo",
          "name:zh": "漢生東路",
          "oneway": "yes",
          "sidewalk": "right",
          "surface": "asphalt"
        },
        "geometry": {
          "type": "LineString",
          "coordinates": [
            [
              121.4685896,
              25.0132838
            ],
            [
              121.4690855,
              25.0124773
            ],
            [
              121.4694284,
              25.0119969
            ]
          ]
        },
        "id": "way/310849383"
      },
      {
        "type": "Feature",
        "properties": {
          "@id": "way/310849384",
          "alt_name": "華江二號橋",
          "bridge": "yes",
          "highway": "tertiary",
          "layer": "2",
          "name": "萬板大橋",
          "name:en": "Wanban Bridge",
          "name:nan": "Bān-pán-tuā-kiô",
          "name:zh": "萬板大橋",
          "oneway": "yes"
        },
        "geometry": {
          "type": "LineString",
          "coordinates": [
            [
              121.4813571,
              25.0271713
            ],
            [
              121.4811397,
              25.0270096
            ],
            [
              121.4806304,
              25.0266661
            ],
            [
              121.4800554,
              25.02631
            ],
            [
              121.4795767,
              25.0259874
            ],
            [
              121.4792816,
              25.0257978
            ],
            [
              121.4790804,
              25.0257103
            ],
            [
              121.478882,
              25.0256471
            ],
            [
              121.4786339,
              25.0256129
            ],
            [
              121.4784099,
              25.0255547
            ],
            [
              121.4781605,
              25.0254745
            ],
            [
              121.4777921,
              25.0253301
            ],
            [
              121.4774855,
              25.025181
            ],
            [
              121.4770618,
              25.0249007
            ],
            [
              121.4765601,
              25.0244865
            ],
            [
              121.47605,
              25.0240546
            ],
            [
              121.4757685,
              25.0238239
            ],
            [
              121.4755971,
              25.0237037
            ],
            [
              121.4755246,
              25.0236684
            ],
            [
              121.4754711,
              25.0236489
            ],
            [
              121.475395,
              25.023623
            ]
          ]
        },
        "id": "way/310849384"
      },
      {
        "type": "Feature",
        "properties": {
          "@id": "way/310849385",
          "alt_name": "華江二號橋",
          "bridge": "yes",
          "highway": "tertiary",
          "layer": "2",
          "lit": "yes",
          "name": "萬板大橋",
          "name:en": "Wanban Bridge",
          "name:nan": "Bān-pán-tuā-kiô",
          "name:zh": "萬板大橋",
          "oneway": "yes",
          "surface": "asphalt"
        },
        "geometry": {
          "type": "LineString",
          "coordinates": [
            [
              121.4814726,
              25.0271282
            ],
            [
              121.4815844,
              25.0271777
            ],
            [
              121.481729,
              25.0272435
            ],
            [
              121.481925,
              25.0273186
            ]
          ]
        },
        "id": "way/310849385"
      },
      {
        "type": "Feature",
        "properties": {
          "@id": "way/310849386",
          "highway": "tertiary",
          "lit": "yes",
          "name": "萬板路",
          "name:nan": "Bān-pang-lō͘",
          "name:nan-Hant": "萬枋路",
          "name:nan-Latn-pehoeji": "Bān-pang-lō͘",
          "name:nan-Latn-tailo": "Bān-pang-lōo",
          "name:zh": "萬板路",
          "oneway": "yes",
          "surface": "asphalt"
        },
        "geometry": {
          "type": "LineString",
          "coordinates": [
            [
              121.4778652,
              25.0254672
            ],
            [
              121.4776967,
              25.0253772
            ],
            [
              121.4774367,
              25.0252382
            ],
            [
              121.4774012,
              25.0252229
            ],
            [
              121.4773141,
              25.0251748
            ],
            [
              121.4772286,
              25.0251048
            ],
            [
              121.4771639,
              25.0250681
            ],
            [
              121.477144,
              25.0250545
            ],
            [
              121.4769454,
              25.0248924
            ],
            [
              121.4765883,
              25.0245918
            ],
            [
              121.4763032,
              25.0243588
            ],
            [
              121.4761383,
              25.0242275
            ],
            [
              121.4760551,
              25.0241571
            ],
            [
              121.4758084,
              25.0239322
            ],
            [
              121.4755748,
              25.0237647
            ],
            [
              121.4754729,
              25.0236918
            ],
            [
              121.475441,
              25.0236676
            ],
            [
              121.475395,
              25.023623
            ]
          ]
        },
        "id": "way/310849386"
      },
      {
        "type": "Feature",
        "properties": {
          "@id": "way/310849387",
          "highway": "tertiary",
          "lit": "yes",
          "name": "萬板路",
          "name:nan": "Bān-pang-lō͘",
          "name:nan-Hant": "萬枋路",
          "name:nan-Latn-pehoeji": "Bān-pang-lō͘",
          "name:nan-Latn-tailo": "Bān-pang-lōo",
          "name:zh": "萬板路",
          "oneway": "yes",
          "surface": "asphalt"
        },
        "geometry": {
          "type": "LineString",
          "coordinates": [
            [
              121.4799931,
              25.0260884
            ],
            [
              121.4800717,
              25.0261252
            ],
            [
              121.4802604,
              25.0262134
            ],
            [
              121.4803906,
              25.0262754
            ],
            [
              121.4805594,
              25.0263829
            ],
            [
              121.4808907,
              25.0265738
            ],
            [
              121.481307,
              25.0269146
            ],
            [
              121.481409,
              25.0269702
            ],
            [
              121.4817906,
              25.0271781
            ],
            [
              121.4819585,
              25.0272123
            ],
            [
              121.482033,
              25.0272044
            ],
            [
              121.4821677,
              25.0272191
            ],
            [
              121.4828635,
              25.0273444
            ]
          ]
        },
        "id": "way/310849387"
      },
      {
        "type": "Feature",
        "properties": {
          "@id": "way/310996720",
          "highway": "tertiary",
          "lit": "yes",
          "name": "西藏路",
          "name:en": "Xizang Road",
          "name:nan": "Se-chông-lō͘",
          "name:nan-Hant": "西藏路",
          "name:nan-Latn-pehoeji": "Se-chông-lō͘",
          "name:nan-Latn-tailo": "Se-tsông-lōo",
          "name:zh": "西藏路",
          "oneway": "yes",
          "surface": "asphalt"
        },
        "geometry": {
          "type": "LineString",
          "coordinates": [
            [
              121.4991813,
              25.029408
            ],
            [
              121.4988274,
              25.0293966
            ],
            [
              121.4976388,
              25.0293485
            ],
            [
              121.4973307,
              25.0293313
            ],
            [
              121.4971824,
              25.0293073
            ],
            [
              121.4971663,
              25.0293047
            ],
            [
              121.4970078,
              25.029265
            ],
            [
              121.4964742,
              25.0291373
            ],
            [
              121.4963946,
              25.0291164
            ],
            [
              121.496306,
              25.0290749
            ],
            [
              121.4962289,
              25.0290192
            ],
            [
              121.4961596,
              25.0289462
            ],
            [
              121.4960828,
              25.0288493
            ],
            [
              121.4960358,
              25.0287859
            ],
            [
              121.496014,
              25.0287617
            ],
            [
              121.495967,
              25.0287383
            ],
            [
              121.4958984,
              25.0287252
            ],
            [
              121.4958535,
              25.0287285
            ],
            [
              121.4958379,
              25.0287314
            ],
            [
              121.4957096,
              25.0287555
            ]
          ]
        },
        "id": "way/310996720"
      },
      {
        "type": "Feature",
        "properties": {
          "@id": "way/311029375",
          "highway": "tertiary",
          "lit": "yes",
          "name": "西藏路",
          "name:en": "Xizang Road",
          "name:nan": "Se-chông-lō͘",
          "name:nan-Hant": "西藏路",
          "name:nan-Latn-pehoeji": "Se-chông-lō͘",
          "name:nan-Latn-tailo": "Se-tsông-lōo",
          "name:zh": "西藏路",
          "oneway": "yes",
          "surface": "asphalt"
        },
        "geometry": {
          "type": "LineString",
          "coordinates": [
            [
              121.4933545,
              25.0286522
            ],
            [
              121.4933095,
              25.0286464
            ],
            [
              121.4928931,
              25.028589
            ],
            [
              121.4925067,
              25.0285386
            ],
            [
              121.492455,
              25.0285399
            ],
            [
              121.4922617,
              25.028551
            ]
          ]
        },
        "id": "way/311029375"
      },
      {
        "type": "Feature",
        "properties": {
          "@id": "way/311029377",
          "highway": "tertiary",
          "lit": "yes",
          "name": "西藏路",
          "name:en": "Xizang Road",
          "name:nan": "Se-chông-lō͘",
          "name:nan-Hant": "西藏路",
          "name:nan-Latn-pehoeji": "Se-chông-lō͘",
          "name:nan-Latn-tailo": "Se-tsông-lōo",
          "name:zh": "西藏路",
          "oneway": "yes",
          "surface": "asphalt"
        },
        "geometry": {
          "type": "LineString",
          "coordinates": [
            [
              121.4933753,
              25.0285189
            ],
            [
              121.4934324,
              25.0285257
            ],
            [
              121.4938573,
              25.0285874
            ],
            [
              121.4940364,
              25.0286126
            ],
            [
              121.4942795,
              25.0286466
            ],
            [
              121.4943278,
              25.0286527
            ],
            [
              121.4943849,
              25.0286632
            ],
            [
              121.4950193,
              25.0287672
            ],
            [
              121.4950892,
              25.0287731
            ],
            [
              121.4951395,
              25.0287749
            ],
            [
              121.4952143,
              25.0287731
            ],
            [
              121.4953016,
              25.0287602
            ],
            [
              121.4954061,
              25.028735
            ],
            [
              121.4954576,
              25.0287188
            ],
            [
              121.4955484,
              25.0286846
            ]
          ]
        },
        "id": "way/311029377"
      },
      {
        "type": "Feature",
        "properties": {
          "@id": "way/311139735",
          "highway": "tertiary",
          "lit": "yes",
          "name": "東園街",
          "name:en": "Dongyuan Street",
          "name:zh": "東園街",
          "surface": "asphalt"
        },
        "geometry": {
          "type": "LineString",
          "coordinates": [
            [
              121.498418,
              25.0217739
            ],
            [
              121.4981807,
              25.0222747
            ],
            [
              121.4981452,
              25.0223403
            ],
            [
              121.4980482,
              25.0225382
            ],
            [
              121.4979614,
              25.0227135
            ],
            [
              121.4978349,
              25.0229867
            ],
            [
              121.4978118,
              25.0230328
            ],
            [
              121.4977779,
              25.0231067
            ],
            [
              121.4975452,
              25.0235996
            ],
            [
              121.4971726,
              25.0244067
            ],
            [
              121.4969984,
              25.0247749
            ],
            [
              121.4969847,
              25.024804
            ],
            [
              121.4969098,
              25.0249623
            ],
            [
              121.4968253,
              25.0251407
            ],
            [
              121.4966838,
              25.02544
            ],
            [
              121.4964532,
              25.0259273
            ]
          ]
        },
        "id": "way/311139735"
      },
      {
        "type": "Feature",
        "properties": {
          "@id": "way/312452444",
          "highway": "tertiary",
          "name": "圓通路",
          "name:en": "Yuantong Road",
          "name:zh": "圓通路",
          "ref": "北90",
          "ref:en": "TP90",
          "ref:zh": "北90"
        },
        "geometry": {
          "type": "LineString",
          "coordinates": [
            [
              121.5003807,
              24.9972939
            ],
            [
              121.5000294,
              24.9970545
            ],
            [
              121.4995801,
              24.9967349
            ],
            [
              121.4994031,
              24.9965745
            ],
            [
              121.4992207,
              24.9963411
            ],
            [
              121.4991956,
              24.9963001
            ],
            [
              121.4989363,
              24.9958998
            ],
            [
              121.4988559,
              24.995854
            ],
            [
              121.4986129,
              24.9957979
            ],
            [
              121.4984654,
              24.9957668
            ],
            [
              121.4982421,
              24.9957244
            ],
            [
              121.4980621,
              24.9956809
            ],
            [
              121.4979289,
              24.9956242
            ],
            [
              121.4978601,
              24.9955893
            ],
            [
              121.4976281,
              24.9954401
            ],
            [
              121.4976113,
              24.995364
            ],
            [
              121.4974749,
              24.9948773
            ],
            [
              121.4973477,
              24.9946285
            ],
            [
              121.4972667,
              24.9945808
            ]
          ]
        },
        "id": "way/312452444"
      },
      {
        "type": "Feature",
        "properties": {
          "@id": "way/313644638",
          "highway": "tertiary",
          "lit": "yes",
          "name": "中華路二段",
          "name:en": "Zhonghua Road Section 2",
          "name:nan": "Tiong-hôa-lō͘ 2-tōaⁿ",
          "name:nan-Hant": "中華路二段",
          "name:nan-Latn-pehoeji": "Tiong-hôa-lō͘ 2-tōaⁿ",
          "name:nan-Latn-tailo": "Tiong-huâ-lōo 2-tuānn",
          "name:zh": "中華路二段",
          "oneway": "no",
          "surface": "asphalt"
        },
        "geometry": {
          "type": "LineString",
          "coordinates": [
            [
              121.5041569,
              25.0300018
            ],
            [
              121.5041777,
              25.0298876
            ],
            [
              121.5042052,
              25.0298438
            ],
            [
              121.5042159,
              25.0298268
            ],
            [
              121.5043768,
              25.0296433
            ],
            [
              121.504582,
              25.0294301
            ],
            [
              121.5047876,
              25.0291901
            ],
            [
              121.5050225,
              25.0289634
            ],
            [
              121.5051553,
              25.0288216
            ],
            [
              121.5052633,
              25.0287071
            ],
            [
              121.505366,
              25.0285905
            ],
            [
              121.5054819,
              25.0284682
            ],
            [
              121.5056924,
              25.0282344
            ],
            [
              121.5058616,
              25.0280396
            ],
            [
              121.5059073,
              25.0279945
            ],
            [
              121.5060919,
              25.0278061
            ],
            [
              121.5065704,
              25.0272684
            ],
            [
              121.5070059,
              25.0268393
            ],
            [
              121.5070871,
              25.0267593
            ]
          ]
        },
        "id": "way/313644638"
      },
      {
        "type": "Feature",
        "properties": {
          "@id": "way/313644639",
          "highway": "tertiary",
          "lit": "yes",
          "name": "中華路二段",
          "name:en": "Zhonghua Road Section 2",
          "name:nan": "Tiong-hôa-lō͘ 2-tōaⁿ",
          "name:nan-Hant": "中華路二段",
          "name:nan-Latn-pehoeji": "Tiong-hôa-lō͘ 2-tōaⁿ",
          "name:nan-Latn-tailo": "Tiong-huâ-lōo 2-tuānn",
          "name:zh": "中華路二段",
          "oneway": "no",
          "surface": "asphalt"
        },
        "geometry": {
          "type": "LineString",
          "coordinates": [
            [
              121.5041372,
              25.0300915
            ],
            [
              121.5041569,
              25.0300018
            ]
          ]
        },
        "id": "way/313644639"
      },
      {
        "type": "Feature",
        "properties": {
          "@id": "way/313644640",
          "highway": "tertiary",
          "lit": "yes",
          "name": "中華路二段",
          "name:en": "Zhonghua Road Section 2",
          "name:nan": "Tiong-hôa-lō͘ 2-tōaⁿ",
          "name:nan-Hant": "中華路二段",
          "name:nan-Latn-pehoeji": "Tiong-hôa-lō͘ 2-tōaⁿ",
          "name:nan-Latn-tailo": "Tiong-huâ-lōo 2-tuānn",
          "name:zh": "中華路二段",
          "name:zh-Hans": "中华路二段",
          "name:zh-Hant": "中華路二段",
          "oneway": "no",
          "surface": "asphalt"
        },
        "geometry": {
          "type": "LineString",
          "coordinates": [
            [
              121.5070871,
              25.0267593
            ],
            [
              121.5074575,
              25.0264376
            ],
            [
              121.5076201,
              25.0262988
            ],
            [
              121.5078656,
              25.0260791
            ],
            [
              121.5081498,
              25.0258365
            ],
            [
              121.5085408,
              25.0255121
            ],
            [
              121.5089317,
              25.0251715
            ],
            [
              121.5090885,
              25.025028
            ],
            [
              121.5091409,
              25.0249919
            ]
          ]
        },
        "id": "way/313644640"
      },
      {
        "type": "Feature",
        "properties": {
          "@id": "way/313644641",
          "highway": "tertiary",
          "lit": "yes",
          "name": "中華路二段",
          "name:en": "Zhonghua Road Section 2",
          "name:nan": "Tiong-hôa-lō͘ 2-tōaⁿ",
          "name:nan-Hant": "中華路二段",
          "name:nan-Latn-pehoeji": "Tiong-hôa-lō͘ 2-tōaⁿ",
          "name:nan-Latn-tailo": "Tiong-huâ-lōo 2-tuānn",
          "name:zh": "中華路二段",
          "oneway": "no",
          "surface": "asphalt"
        },
        "geometry": {
          "type": "LineString",
          "coordinates": [
            [
              121.5041645,
              25.0312883
            ],
            [
              121.5041563,
              25.031255
            ],
            [
              121.5041512,
              25.0312122
            ]
          ]
        },
        "id": "way/313644641"
      },
      {
        "type": "Feature",
        "properties": {
          "@id": "way/313644642",
          "highway": "tertiary",
          "lit": "yes",
          "name": "中華路二段",
          "name:en": "Zhonghua Road Section 2",
          "name:nan": "Tiong-hôa-lō͘ 2-tōaⁿ",
          "name:nan-Hant": "中華路二段",
          "name:nan-Latn-pehoeji": "Tiong-hôa-lō͘ 2-tōaⁿ",
          "name:nan-Latn-tailo": "Tiong-huâ-lōo 2-tuānn",
          "name:zh": "中華路二段",
          "oneway": "no",
          "surface": "asphalt"
        },
        "geometry": {
          "type": "LineString",
          "coordinates": [
            [
              121.5041512,
              25.0312122
            ],
            [
              121.5041406,
              25.0309142
            ],
            [
              121.5041419,
              25.0307696
            ],
            [
              121.5041487,
              25.0305868
            ],
            [
              121.5041515,
              25.0305127
            ],
            [
              121.504154,
              25.0304451
            ],
            [
              121.5041486,
              25.030405
            ],
            [
              121.5041357,
              25.0301764
            ],
            [
              121.5041372,
              25.0300915
            ]
          ]
        },
        "id": "way/313644642"
      },
      {
        "type": "Feature",
        "properties": {
          "@id": "way/313644643",
          "highway": "tertiary",
          "lit": "yes",
          "name": "中華路二段",
          "name:en": "Zhonghua Road Section 2",
          "name:nan": "Tiong-hôa-lō͘ 2-tōaⁿ",
          "name:nan-Hant": "中華路二段",
          "name:nan-Latn-pehoeji": "Tiong-hôa-lō͘ 2-tōaⁿ",
          "name:nan-Latn-tailo": "Tiong-huâ-lōo 2-tuānn",
          "name:zh": "中華路二段",
          "oneway": "no",
          "surface": "asphalt"
        },
        "geometry": {
          "type": "LineString",
          "coordinates": [
            [
              121.5091409,
              25.0249919
            ],
            [
              121.5093659,
              25.0248542
            ],
            [
              121.5096905,
              25.0247682
            ],
            [
              121.5101381,
              25.0246495
            ]
          ]
        },
        "id": "way/313644643"
      },
      {
        "type": "Feature",
        "properties": {
          "@id": "way/313644644",
          "highway": "tertiary",
          "lit": "yes",
          "name": "汀州路一段",
          "name:en": "Tingzhou Road Section 1",
          "name:nan": "Teng-chiu-lō͘ 1-tōaⁿ",
          "name:nan-Hant": "汀州路一段",
          "name:nan-Latn-pehoeji": "Teng-chiu-lō͘ 1-tōaⁿ",
          "name:nan-Latn-tailo": "Ting-tsiu-lōo 1-tuānn",
          "name:zh": "汀州路一段",
          "oneway": "no",
          "surface": "asphalt"
        },
        "geometry": {
          "type": "LineString",
          "coordinates": [
            [
              121.513921,
              25.0262265
            ],
            [
              121.5137709,
              25.0262688
            ],
            [
              121.5128602,
              25.0264696
            ],
            [
              121.5125538,
              25.0265398
            ],
            [
              121.5122237,
              25.0266218
            ],
            [
              121.5118972,
              25.0267026
            ],
            [
              121.5117411,
              25.0267418
            ],
            [
              121.5116723,
              25.0267629
            ],
            [
              121.5116556,
              25.026768
            ],
            [
              121.5115913,
              25.0267891
            ],
            [
              121.5113565,
              25.0268662
            ],
            [
              121.5111374,
              25.0269622
            ],
            [
              121.5110918,
              25.0269822
            ],
            [
              121.5109162,
              25.0270594
            ],
            [
              121.5106737,
              25.0271555
            ],
            [
              121.5105536,
              25.0272069
            ],
            [
              121.5103019,
              25.0273495
            ],
            [
              121.5101861,
              25.027426
            ],
            [
              121.5100123,
              25.0275475
            ],
            [
              121.5097592,
              25.0277244
            ],
            [
              121.5097049,
              25.0277624
            ],
            [
              121.5095234,
              25.0278999
            ],
            [
              121.5093654,
              25.0280532
            ],
            [
              121.5091408,
              25.0282695
            ],
            [
              121.5090238,
              25.0283937
            ],
            [
              121.5089577,
              25.0284748
            ],
            [
              121.5085402,
              25.0289873
            ]
          ]
        },
        "id": "way/313644644"
      },
      {
        "type": "Feature",
        "properties": {
          "@id": "way/313644645",
          "highway": "tertiary",
          "name": "汀州路一段",
          "name:en": "Tingzhou Road Section 1",
          "name:nan": "Teng-chiu-lō͘ 1-tōaⁿ",
          "name:nan-Hant": "汀州路一段",
          "name:nan-Latn-pehoeji": "Teng-chiu-lō͘ 1-tōaⁿ",
          "name:nan-Latn-tailo": "Ting-tsiu-lōo 1-tuānn",
          "name:zh": "汀州路一段",
          "oneway": "no",
          "surface": "asphalt"
        },
        "geometry": {
          "type": "LineString",
          "coordinates": [
            [
              121.5050726,
              25.03302
            ],
            [
              121.505002,
              25.0330555
            ],
            [
              121.5047086,
              25.0332139
            ],
            [
              121.5044642,
              25.0333165
            ],
            [
              121.5044274,
              25.033321
            ],
            [
              121.504192,
              25.0333497
            ]
          ]
        },
        "id": "way/313644645"
      },
      {
        "type": "Feature",
        "properties": {
          "@id": "way/314086865",
          "highway": "tertiary",
          "lit": "yes",
          "name": "中山路二段",
          "oneway": "yes",
          "ref": "北99",
          "ref:en": "TP99",
          "ref:zh": "北99",
          "surface": "asphalt"
        },
        "geometry": {
          "type": "LineString",
          "coordinates": [
            [
              121.4967661,
              25.0023517
            ],
            [
              121.4968946,
              25.0023638
            ],
            [
              121.4982906,
              25.0024956
            ],
            [
              121.4994951,
              25.0025979
            ]
          ]
        },
        "id": "way/314086865"
      },
      {
        "type": "Feature",
        "properties": {
          "@id": "way/316423086",
          "highway": "tertiary",
          "name": "汀州路一段",
          "name:en": "Tingzhou Road Section 1",
          "name:nan": "Teng-chiu-lō͘ 1-tōaⁿ",
          "name:nan-Hant": "汀州路一段",
          "name:nan-Latn-pehoeji": "Teng-chiu-lō͘ 1-tōaⁿ",
          "name:nan-Latn-tailo": "Ting-tsiu-lōo 1-tuānn",
          "name:zh": "汀州路一段",
          "oneway": "no",
          "surface": "asphalt"
        },
        "geometry": {
          "type": "LineString",
          "coordinates": [
            [
              121.5085402,
              25.0289873
            ],
            [
              121.5084807,
              25.0290589
            ],
            [
              121.5082036,
              25.0293797
            ],
            [
              121.5079099,
              25.0297643
            ],
            [
              121.5076937,
              25.0300558
            ],
            [
              121.5074726,
              25.0303539
            ],
            [
              121.5073854,
              25.0304579
            ],
            [
              121.5072715,
              25.0305937
            ],
            [
              121.5071821,
              25.0306987
            ],
            [
              121.5071408,
              25.0307497
            ],
            [
              121.5068312,
              25.0311316
            ],
            [
              121.5067859,
              25.0311874
            ],
            [
              121.5067205,
              25.0312742
            ],
            [
              121.5066147,
              25.0314006
            ],
            [
              121.5066012,
              25.0314177
            ],
            [
              121.5062227,
              25.0318965
            ],
            [
              121.50619,
              25.0319377
            ],
            [
              121.5061665,
              25.0319673
            ],
            [
              121.5059209,
              25.0322768
            ],
            [
              121.5057301,
              25.0325072
            ],
            [
              121.5054484,
              25.032766
            ],
            [
              121.5052782,
              25.0328888
            ],
            [
              121.5051666,
              25.032959
            ],
            [
              121.5050726,
              25.03302
            ]
          ]
        },
        "id": "way/316423086"
      },
      {
        "type": "Feature",
        "properties": {
          "@id": "way/316477853",
          "highway": "tertiary",
          "lit": "yes",
          "name": "雙十路二段",
          "name:en": "Section 2, Shuangshi Road",
          "name:nan": "Siang-si̍p-lō͘ 2-tōaⁿ",
          "name:nan-Hant": "雙十路二段",
          "name:nan-Latn-pehoeji": "Siang-si̍p-lō͘ 2-tōaⁿ",
          "name:nan-Latn-tailo": "Siang-si̍p-lōo 2-tuānn",
          "name:zh": "雙十路二段",
          "oneway": "yes",
          "ref": "北91",
          "ref:en": "TP91",
          "ref:zh": "北91",
          "surface": "asphalt"
        },
        "geometry": {
          "type": "LineString",
          "coordinates": [
            [
              121.4723394,
              25.0298267
            ],
            [
              121.4724039,
              25.0297659
            ],
            [
              121.4726028,
              25.0296346
            ],
            [
              121.4726999,
              25.029567
            ],
            [
              121.4729958,
              25.0293626
            ],
            [
              121.4733497,
              25.0291152
            ],
            [
              121.4733966,
              25.0290844
            ],
            [
              121.4734297,
              25.0290614
            ],
            [
              121.4736037,
              25.0289404
            ],
            [
              121.4736408,
              25.0289147
            ],
            [
              121.4740504,
              25.0286267
            ],
            [
              121.4740797,
              25.0286108
            ],
            [
              121.4741776,
              25.028543
            ],
            [
              121.4742607,
              25.0284854
            ],
            [
              121.4749224,
              25.0280267
            ],
            [
              121.475086,
              25.0279134
            ],
            [
              121.4751633,
              25.0278598
            ],
            [
              121.4757457,
              25.0274561
            ],
            [
              121.4758046,
              25.0274062
            ],
            [
              121.4760338,
              25.0272121
            ],
            [
              121.4761157,
              25.0271163
            ],
            [
              121.4761897,
              25.0270153
            ],
            [
              121.4763433,
              25.0267448
            ],
            [
              121.476392,
              25.0266545
            ],
            [
              121.4764172,
              25.0266051
            ],
            [
              121.4764474,
              25.0265479
            ],
            [
              121.4764914,
              25.0264565
            ],
            [
              121.4765516,
              25.0263313
            ],
            [
              121.4765833,
              25.0262704
            ],
            [
              121.4766119,
              25.0262149
            ],
            [
              121.4766505,
              25.026154
            ],
            [
              121.476709,
              25.0260528
            ],
            [
              121.4768649,
              25.0257739
            ],
            [
              121.4771497,
              25.025251
            ],
            [
              121.4771624,
              25.0252237
            ],
            [
              121.4772286,
              25.0251048
            ],
            [
              121.4773094,
              25.0249233
            ]
          ]
        },
        "id": "way/316477853"
      },
      {
        "type": "Feature",
        "properties": {
          "@id": "way/317472416",
          "highway": "tertiary",
          "name": "艋舺大道",
          "name:en": "Bangka Boulevard",
          "name:zh": "艋舺大道",
          "oneway": "yes"
        },
        "geometry": {
          "type": "LineString",
          "coordinates": [
            [
              121.4906717,
              25.0279581
            ],
            [
              121.4907261,
              25.0279877
            ],
            [
              121.4907651,
              25.028009
            ],
            [
              121.4909051,
              25.0280963
            ],
            [
              121.4910724,
              25.0282092
            ],
            [
              121.491229,
              25.0283535
            ],
            [
              121.4913704,
              25.028491
            ],
            [
              121.4915614,
              25.0286606
            ],
            [
              121.4916269,
              25.0287188
            ],
            [
              121.4917193,
              25.0287974
            ]
          ]
        },
        "id": "way/317472416"
      },
      {
        "type": "Feature",
        "properties": {
          "@id": "way/317535026",
          "highway": "tertiary",
          "lit": "yes",
          "name": "泉州街",
          "name:en": "Quanzhou Street",
          "name:nan": "Choân-chiu-koe",
          "name:nan-Hant": "泉州街",
          "name:nan-Latn-pehoeji": "Choân-chiu-koe",
          "name:nan-Latn-tailo": "Tsuân-tsiu-kue",
          "name:zh": "泉州街",
          "oneway": "no",
          "surface": "asphalt"
        },
        "geometry": {
          "type": "LineString",
          "coordinates": [
            [
              121.513921,
              25.0262265
            ],
            [
              121.5138765,
              25.0261487
            ],
            [
              121.5138408,
              25.0260932
            ],
            [
              121.5132103,
              25.0252794
            ],
            [
              121.5131465,
              25.0252008
            ],
            [
              121.5130846,
              25.0251228
            ],
            [
              121.5129411,
              25.0249323
            ],
            [
              121.5128735,
              25.0248551
            ],
            [
              121.5126824,
              25.0245987
            ],
            [
              121.5124078,
              25.0242445
            ],
            [
              121.5123618,
              25.0242005
            ],
            [
              121.5122438,
              25.0241414
            ]
          ]
        },
        "id": "way/317535026"
      },
      {
        "type": "Feature",
        "properties": {
          "@id": "way/317535030",
          "highway": "tertiary",
          "lit": "yes",
          "name": "西藏路",
          "name:en": "Xizang Road",
          "name:nan": "Se-chông-lō͘",
          "name:nan-Hant": "西藏路",
          "name:nan-Latn-pehoeji": "Se-chông-lō͘",
          "name:nan-Latn-tailo": "Se-tsông-lōo",
          "name:zh": "西藏路",
          "oneway": "yes",
          "surface": "asphalt"
        },
        "geometry": {
          "type": "LineString",
          "coordinates": [
            [
              121.495598,
              25.0287832
            ],
            [
              121.4954999,
              25.0288085
            ],
            [
              121.4953834,
              25.0288386
            ],
            [
              121.4951813,
              25.0288939
            ],
            [
              121.4950681,
              25.028883
            ],
            [
              121.4947134,
              25.0288471
            ],
            [
              121.4943662,
              25.0287997
            ],
            [
              121.4943151,
              25.0287891
            ],
            [
              121.494253,
              25.0287834
            ],
            [
              121.4938924,
              25.0287304
            ],
            [
              121.4934014,
              25.0286583
            ],
            [
              121.4933545,
              25.0286522
            ]
          ]
        },
        "id": "way/317535030"
      },
      {
        "type": "Feature",
        "properties": {
          "@id": "way/317535031",
          "highway": "tertiary",
          "lit": "yes",
          "name": "西藏路",
          "name:en": "Xizang Road",
          "name:nan": "Se-chông-lō͘",
          "name:nan-Hant": "西藏路",
          "name:nan-Latn-pehoeji": "Se-chông-lō͘",
          "name:nan-Latn-tailo": "Se-tsông-lōo",
          "name:zh": "西藏路",
          "oneway": "yes",
          "surface": "asphalt"
        },
        "geometry": {
          "type": "LineString",
          "coordinates": [
            [
              121.4956559,
              25.0286487
            ],
            [
              121.4957566,
              25.0286289
            ],
            [
              121.49579,
              25.0286245
            ],
            [
              121.4958445,
              25.0286172
            ],
            [
              121.4959248,
              25.0286131
            ],
            [
              121.4959908,
              25.02863
            ],
            [
              121.4960591,
              25.0286649
            ],
            [
              121.4961136,
              25.028699
            ],
            [
              121.4961712,
              25.0287702
            ],
            [
              121.4962212,
              25.0288404
            ],
            [
              121.4962741,
              25.0289068
            ],
            [
              121.4963152,
              25.0289503
            ],
            [
              121.4963836,
              25.0289955
            ],
            [
              121.496492,
              25.0290454
            ],
            [
              121.4966099,
              25.029073
            ],
            [
              121.4972031,
              25.0292206
            ],
            [
              121.4975228,
              25.0292572
            ],
            [
              121.497781,
              25.0292646
            ],
            [
              121.4983402,
              25.029272
            ],
            [
              121.4988262,
              25.0292892
            ],
            [
              121.4991837,
              25.0293026
            ],
            [
              121.4995536,
              25.0293208
            ],
            [
              121.4996193,
              25.0293248
            ],
            [
              121.499851,
              25.0293345
            ],
            [
              121.5003383,
              25.0293416
            ],
            [
              121.5003896,
              25.0293465
            ],
            [
              121.500464,
              25.0293535
            ]
          ]
        },
        "id": "way/317535031"
      },
      {
        "type": "Feature",
        "properties": {
          "@id": "way/317535032",
          "highway": "tertiary",
          "lit": "yes",
          "name": "西藏路",
          "name:en": "Xizang Road",
          "name:nan": "Se-chông-lō͘",
          "name:nan-Hant": "西藏路",
          "name:nan-Latn-pehoeji": "Se-chông-lō͘",
          "name:nan-Latn-tailo": "Se-tsông-lōo",
          "name:zh": "西藏路",
          "oneway": "yes",
          "surface": "asphalt"
        },
        "geometry": {
          "type": "LineString",
          "coordinates": [
            [
              121.5005838,
              25.0294988
            ],
            [
              121.5005275,
              25.0294899
            ],
            [
              121.5004658,
              25.0294842
            ]
          ]
        },
        "id": "way/317535032"
      },
      {
        "type": "Feature",
        "properties": {
          "@id": "way/317708235",
          "highway": "tertiary",
          "lit": "yes",
          "maxspeed:type": "TW:urban",
          "name": "水源路",
          "name:en": "Shuiyuan Road",
          "name:nan": "Chúi-goân-lō͘",
          "name:nan-Hant": "水源路",
          "name:nan-Latn-pehoeji": "Chúi-goân-lō͘",
          "name:nan-Latn-tailo": "Tsuí-guân-lōo",
          "name:zh": "水源路",
          "name:zh-Hans": "水源路",
          "name:zh-Hant": "水源路",
          "surface": "asphalt"
        },
        "geometry": {
          "type": "LineString",
          "coordinates": [
            [
              121.5041917,
              25.0199514
            ],
            [
              121.5040229,
              25.0198448
            ],
            [
              121.5038552,
              25.0197524
            ],
            [
              121.503461,
              25.0195616
            ],
            [
              121.5028534,
              25.0193076
            ],
            [
              121.5020512,
              25.0189718
            ],
            [
              121.5018201,
              25.0188458
            ]
          ]
        },
        "id": "way/317708235"
      },
      {
        "type": "Feature",
        "properties": {
          "@id": "way/318090110",
          "highway": "tertiary",
          "lit": "yes",
          "name": "中正路",
          "name:en": "Zhongzheng Road",
          "name:zh": "中正路",
          "oneway": "yes",
          "surface": "asphalt"
        },
        "geometry": {
          "type": "LineString",
          "coordinates": [
            [
              121.4841719,
              25.0049759
            ],
            [
              121.4841975,
              25.0048921
            ],
            [
              121.4844262,
              25.0041521
            ],
            [
              121.4844432,
              25.0040522
            ],
            [
              121.4845653,
              25.0033321
            ],
            [
              121.4846061,
              25.0030914
            ],
            [
              121.4846493,
              25.002837
            ],
            [
              121.4846866,
              25.0024545
            ],
            [
              121.4847993,
              25.0012981
            ],
            [
              121.4848017,
              25.001274
            ],
            [
              121.4848049,
              25.0011694
            ],
            [
              121.4848425,
              25.0008586
            ],
            [
              121.4849002,
              25.0001676
            ],
            [
              121.484927,
              24.9998475
            ],
            [
              121.4849367,
              24.999679
            ],
            [
              121.4849655,
              24.999176
            ],
            [
              121.4849981,
              24.9985997
            ]
          ]
        },
        "id": "way/318090110"
      },
      {
        "type": "Feature",
        "properties": {
          "@id": "way/324479907",
          "highway": "tertiary",
          "lit": "yes",
          "name": "中和路",
          "name:en": "Zhonghe Road",
          "name:nan": "Tiong-hô-lō͘",
          "name:nan-Hant": "中和路",
          "name:nan-Latn-pehoeji": "Tiong-hô-lō͘",
          "name:nan-Latn-tailo": "Tiong-hô-lōo",
          "name:zh": "中和路",
          "surface": "asphalt"
        },
        "geometry": {
          "type": "LineString",
          "coordinates": [
            [
              121.5076544,
              24.9996549
            ],
            [
              121.5080405,
              24.9995969
            ],
            [
              121.5081333,
              24.9995588
            ],
            [
              121.5082444,
              24.9994698
            ]
          ]
        },
        "id": "way/324479907"
      },
      {
        "type": "Feature",
        "properties": {
          "@id": "way/326955639",
          "alt_name:en": "Section 3, Xianmin Boulevard",
          "highway": "tertiary",
          "name": "縣民大道三段",
          "name:en": "Xianmin Boulevard Section 3",
          "name:nan": "Koān-bîn Tōa-tō",
          "name:nan-Hant": "縣民大道三段",
          "name:nan-Latn-pehoeji": "Koān-bîn Tōa-tō",
          "name:nan-Latn-tailo": "Kuān-bîn Tuā-tō",
          "name:zh": "縣民大道三段",
          "oneway": "yes",
          "surface": "asphalt"
        },
        "geometry": {
          "type": "LineString",
          "coordinates": [
            [
              121.4803074,
              25.0249355
            ],
            [
              121.4806232,
              25.0251681
            ],
            [
              121.4811417,
              25.0255011
            ],
            [
              121.4816017,
              25.0257466
            ],
            [
              121.4820641,
              25.0259594
            ],
            [
              121.4824298,
              25.0260979
            ],
            [
              121.4827991,
              25.02621
            ],
            [
              121.4832424,
              25.026321
            ],
            [
              121.4836604,
              25.0263938
            ],
            [
              121.4839159,
              25.0264383
            ],
            [
              121.4841159,
              25.0264772
            ]
          ]
        },
        "id": "way/326955639"
      },
      {
        "type": "Feature",
        "properties": {
          "@id": "way/326955640",
          "alt_name:en": "Section 3, Xianmin Boulevard",
          "highway": "tertiary",
          "name": "縣民大道三段",
          "name:en": "Xianmin Boulevard Section 3",
          "name:nan": "Koān-bîn Tōa-tō",
          "name:nan-Hant": "縣民大道三段",
          "name:nan-Latn-pehoeji": "Koān-bîn Tōa-tō",
          "name:nan-Latn-tailo": "Kuān-bîn Tuā-tō",
          "name:zh": "縣民大道三段",
          "oneway": "yes"
        },
        "geometry": {
          "type": "LineString",
          "coordinates": [
            [
              121.4784138,
              25.023815
            ],
            [
              121.4783359,
              25.0237593
            ],
            [
              121.4781478,
              25.023631
            ],
            [
              121.4776909,
              25.0232887
            ],
            [
              121.4774856,
              25.0231468
            ],
            [
              121.4773598,
              25.0230603
            ],
            [
              121.4770376,
              25.0228089
            ],
            [
              121.4767434,
              25.0225945
            ],
            [
              121.4763979,
              25.0223461
            ],
            [
              121.4759324,
              25.0220193
            ],
            [
              121.4754101,
              25.0216709
            ],
            [
              121.4753419,
              25.0216211
            ],
            [
              121.4748936,
              25.0213005
            ],
            [
              121.4739606,
              25.0206392
            ],
            [
              121.4739546,
              25.0206389
            ],
            [
              121.4734569,
              25.0202875
            ],
            [
              121.4727214,
              25.019774
            ],
            [
              121.4721846,
              25.0194101
            ],
            [
              121.4718844,
              25.0191753
            ],
            [
              121.4714638,
              25.0187992
            ]
          ]
        },
        "id": "way/326955640"
      },
      {
        "type": "Feature",
        "properties": {
          "@id": "way/327147989",
          "cycleway:both": "no",
          "highway": "tertiary",
          "lanes": "1",
          "lit": "yes",
          "name": "中山路一段",
          "name:en": "Section 1, Zhongshan Road",
          "name:zh": "中山路一段",
          "oneway": "yes",
          "ref": "北88",
          "ref:en": "TP88",
          "ref:zh": "北88",
          "sidewalk": "right",
          "surface": "asphalt"
        },
        "geometry": {
          "type": "LineString",
          "coordinates": [
            [
              121.509997,
              25.0096285
            ],
            [
              121.509788,
              25.0094461
            ],
            [
              121.5091508,
              25.0089463
            ],
            [
              121.5084251,
              25.0083558
            ]
          ]
        },
        "id": "way/327147989"
      },
      {
        "type": "Feature",
        "properties": {
          "@id": "way/327147990",
          "cycleway:both": "no",
          "highway": "tertiary",
          "lanes": "1",
          "lit": "yes",
          "name": "中山路一段",
          "name:en": "Section 1 Zhongshan Road",
          "name:zh": "中山路一段",
          "oneway": "yes",
          "ref": "北88",
          "ref:en": "TP88",
          "ref:zh": "北88",
          "sidewalk": "right",
          "surface": "asphalt"
        },
        "geometry": {
          "type": "LineString",
          "coordinates": [
            [
              121.5112589,
              25.0106247
            ],
            [
              121.5111286,
              25.0105259
            ],
            [
              121.5109004,
              25.01034
            ],
            [
              121.5108692,
              25.0103146
            ],
            [
              121.5105719,
              25.0100927
            ],
            [
              121.509997,
              25.0096285
            ]
          ]
        },
        "id": "way/327147990"
      },
      {
        "type": "Feature",
        "properties": {
          "@id": "way/327147991",
          "cycleway:both": "no",
          "highway": "tertiary",
          "lit": "yes",
          "name": "中山路一段",
          "name:en": "Section 1, Zhongshan Road",
          "name:zh": "中山路一段",
          "oneway": "yes",
          "ref": "北88",
          "ref:en": "TP88",
          "ref:zh": "北88",
          "sidewalk": "right",
          "surface": "asphalt"
        },
        "geometry": {
          "type": "LineString",
          "coordinates": [
            [
              121.5084251,
              25.0083558
            ],
            [
              121.5079619,
              25.0079639
            ],
            [
              121.5078233,
              25.0078466
            ],
            [
              121.5069377,
              25.0071183
            ],
            [
              121.5068422,
              25.0070422
            ],
            [
              121.5062672,
              25.0065699
            ],
            [
              121.5058968,
              25.006267
            ],
            [
              121.5056429,
              25.0060707
            ]
          ]
        },
        "id": "way/327147991"
      },
      {
        "type": "Feature",
        "properties": {
          "@id": "way/327147998",
          "cycleway:both": "no",
          "highway": "tertiary",
          "name": "環河西路二段",
          "name:en": "Section 2, Huanhe West Road",
          "name:zh": "環河西路二段",
          "sidewalk": "right",
          "surface": "asphalt"
        },
        "geometry": {
          "type": "LineString",
          "coordinates": [
            [
              121.5095972,
              25.0170938
            ],
            [
              121.5104725,
              25.017467
            ],
            [
              121.5108105,
              25.0175764
            ],
            [
              121.5110425,
              25.0176339
            ],
            [
              121.5112261,
              25.0176745
            ]
          ]
        },
        "id": "way/327147998"
      },
      {
        "type": "Feature",
        "properties": {
          "@id": "way/327147999",
          "cycleway:both": "no",
          "highway": "tertiary",
          "lanes": "1",
          "lit": "yes",
          "name": "環河西路二段",
          "name:en": "Section 2, Huanhe West Road",
          "name:zh": "環河西路二段",
          "oneway": "yes",
          "sidewalk": "right",
          "surface": "asphalt"
        },
        "geometry": {
          "type": "LineString",
          "coordinates": [
            [
              121.5026348,
              25.0114986
            ],
            [
              121.5029491,
              25.0117412
            ],
            [
              121.5035194,
              25.0121813
            ],
            [
              121.5040987,
              25.0126684
            ],
            [
              121.5042254,
              25.0127749
            ],
            [
              121.5042746,
              25.0128163
            ],
            [
              121.5045241,
              25.0130361
            ],
            [
              121.5045816,
              25.0130922
            ],
            [
              121.5048547,
              25.0133718
            ]
          ]
        },
        "id": "way/327147999"
      },
      {
        "type": "Feature",
        "properties": {
          "@id": "way/327350100",
          "highway": "tertiary",
          "name": "漢生東路",
          "name:en": "Hansheng East Road",
          "name:nan": "Hàn-seng Tang-lō͘",
          "name:nan-Hant": "漢生東路",
          "name:nan-Latn-pehoeji": "Hàn-seng Tang-lō͘",
          "name:nan-Latn-tailo": "Hàn-sing Tang-lōo",
          "name:zh": "漢生東路",
          "oneway": "yes",
          "sidewalk": "right",
          "surface": "asphalt"
        },
        "geometry": {
          "type": "LineString",
          "coordinates": [
            [
              121.4667576,
              25.0153605
            ],
            [
              121.4668673,
              25.0152335
            ],
            [
              121.4674888,
              25.0145133
            ],
            [
              121.4685896,
              25.0132838
            ]
          ]
        },
        "id": "way/327350100"
      },
      {
        "type": "Feature",
        "properties": {
          "@id": "way/327555398",
          "highway": "tertiary",
          "lit": "yes",
          "name": "三民路一段",
          "name:en": "Section 1, Sanmin Road",
          "name:nan": "Sam-bîn-lō͘ 1-tōaⁿ",
          "name:nan-Hant": "三民路一段",
          "name:nan-Latn-pehoeji": "Sam-bîn-lō͘ 1-tōaⁿ",
          "name:nan-Latn-tailo": "Sam-bîn-lōo 1-tuānn",
          "name:zh": "三民路一段",
          "oneway": "yes",
          "ref": "北91",
          "ref:en": "TP91",
          "ref:zh": "北91",
          "surface": "asphalt"
        },
        "geometry": {
          "type": "LineString",
          "coordinates": [
            [
              121.4792889,
              25.0187805
            ],
            [
              121.4792818,
              25.0188637
            ],
            [
              121.4792716,
              25.0192153
            ],
            [
              121.47925,
              25.0197933
            ],
            [
              121.4792479,
              25.0201281
            ],
            [
              121.4792481,
              25.0201458
            ],
            [
              121.4792739,
              25.0206145
            ],
            [
              121.4792936,
              25.0210547
            ],
            [
              121.4793021,
              25.021183
            ],
            [
              121.4793706,
              25.021439
            ],
            [
              121.479396,
              25.0214944
            ],
            [
              121.4794403,
              25.0215911
            ],
            [
              121.4794879,
              25.0217129
            ],
            [
              121.4795383,
              25.0218472
            ],
            [
              121.4795571,
              25.0219858
            ],
            [
              121.4795611,
              25.0221438
            ],
            [
              121.479549,
              25.0223005
            ],
            [
              121.479525,
              25.0224305
            ],
            [
              121.4794766,
              25.0226019
            ],
            [
              121.4794257,
              25.0227696
            ],
            [
              121.4793023,
              25.0230296
            ],
            [
              121.4792579,
              25.0230887
            ],
            [
              121.4790906,
              25.0233112
            ],
            [
              121.4789647,
              25.0234613
            ],
            [
              121.4788365,
              25.0235894
            ],
            [
              121.4787205,
              25.0236912
            ],
            [
              121.4786961,
              25.0237162
            ],
            [
              121.4786465,
              25.0237609
            ],
            [
              121.4786029,
              25.0237946
            ]
          ]
        },
        "id": "way/327555398"
      },
      {
        "type": "Feature",
        "properties": {
          "@id": "way/327555401",
          "highway": "tertiary",
          "lit": "yes",
          "name": "三民路二段",
          "name:en": "Section 2, Sanmin Road",
          "name:nan": "Sam-bîn-lō͘ 2-tōaⁿ",
          "name:nan-Hant": "三民路二段",
          "name:nan-Latn-pehoeji": "Sam-bîn-lō͘ 2-tōaⁿ",
          "name:nan-Latn-tailo": "Sam-bîn-lōo 2-tuānn",
          "name:zh": "三民路二段",
          "oneway": "yes",
          "ref": "北91",
          "ref:en": "TP91",
          "ref:zh": "北91",
          "surface": "asphalt"
        },
        "geometry": {
          "type": "LineString",
          "coordinates": [
            [
              121.4791817,
              25.0186335
            ],
            [
              121.4791879,
              25.0184657
            ],
            [
              121.4791967,
              25.0180221
            ],
            [
              121.4791976,
              25.0179796
            ],
            [
              121.4791985,
              25.017948
            ],
            [
              121.4792168,
              25.0172698
            ],
            [
              121.4792172,
              25.0167823
            ],
            [
              121.4792183,
              25.0167193
            ],
            [
              121.4792192,
              25.0166639
            ],
            [
              121.4792161,
              25.0166287
            ],
            [
              121.4791963,
              25.0164075
            ],
            [
              121.4791522,
              25.0159934
            ],
            [
              121.4791464,
              25.0159281
            ],
            [
              121.4791062,
              25.0153446
            ],
            [
              121.4790857,
              25.0150185
            ],
            [
              121.479075,
              25.0149314
            ],
            [
              121.4790672,
              25.0148812
            ],
            [
              121.4790306,
              25.0143556
            ],
            [
              121.4790114,
              25.0140525
            ],
            [
              121.4789743,
              25.0137221
            ],
            [
              121.4789465,
              25.013418
            ],
            [
              121.478944,
              25.0133902
            ]
          ]
        },
        "id": "way/327555401"
      },
      {
        "type": "Feature",
        "properties": {
          "@id": "way/332551484",
          "highway": "tertiary",
          "lanes": "2",
          "lit": "yes",
          "name": "三元街",
          "name:en": "Sanyuan Street",
          "name:zh": "三元街",
          "oneway": "yes",
          "surface": "asphalt"
        },
        "geometry": {
          "type": "LineString",
          "coordinates": [
            [
              121.5088502,
              25.0294892
            ],
            [
              121.5094397,
              25.0289532
            ],
            [
              121.5096185,
              25.0288077
            ],
            [
              121.5097364,
              25.0287267
            ],
            [
              121.5101355,
              25.0284805
            ],
            [
              121.5101854,
              25.0284518
            ],
            [
              121.5107289,
              25.0281409
            ],
            [
              121.5107771,
              25.0281211
            ],
            [
              121.5112725,
              25.0279503
            ],
            [
              121.5113294,
              25.0279307
            ],
            [
              121.5114087,
              25.0279059
            ],
            [
              121.5120311,
              25.0277079
            ],
            [
              121.5122191,
              25.0276525
            ],
            [
              121.5123917,
              25.0275978
            ],
            [
              121.5126321,
              25.0275504
            ],
            [
              121.5127897,
              25.0275215
            ],
            [
              121.5128471,
              25.0275109
            ],
            [
              121.5129,
              25.0275038
            ],
            [
              121.5133747,
              25.0274403
            ],
            [
              121.5134875,
              25.0274271
            ],
            [
              121.5135748,
              25.0274287
            ],
            [
              121.5143683,
              25.0274658
            ],
            [
              121.5144241,
              25.0274878
            ],
            [
              121.5144501,
              25.027498
            ],
            [
              121.514612,
              25.0276473
            ]
          ]
        },
        "id": "way/332551484"
      },
      {
        "type": "Feature",
        "properties": {
          "@id": "way/332551485",
          "highway": "tertiary",
          "lanes": "2",
          "name": "三元街",
          "name:en": "Sanyuan Street",
          "name:zh": "三元街",
          "oneway": "yes",
          "surface": "asphalt"
        },
        "geometry": {
          "type": "LineString",
          "coordinates": [
            [
              121.5088746,
              25.0295813
            ],
            [
              121.5087716,
              25.0296936
            ],
            [
              121.5085903,
              25.0298845
            ],
            [
              121.5079972,
              25.0304058
            ],
            [
              121.5078915,
              25.0304832
            ],
            [
              121.5077666,
              25.0305406
            ],
            [
              121.5076151,
              25.0305955
            ],
            [
              121.5074504,
              25.0306434
            ],
            [
              121.5072879,
              25.0306769
            ],
            [
              121.5071821,
              25.0306987
            ]
          ]
        },
        "id": "way/332551485"
      },
      {
        "type": "Feature",
        "properties": {
          "@id": "way/332551494",
          "highway": "tertiary",
          "lanes": "4",
          "lit": "yes",
          "name": "南海路",
          "name:en": "Nanhai Road",
          "name:nan": "Lâm-hái-lō͘",
          "name:nan-Hant": "南海路",
          "name:nan-Latn-pehoeji": "Lâm-hái-lō͘",
          "name:nan-Latn-tailo": "Lâm-hái-lōo",
          "name:zh": "南海路",
          "oneway": "no",
          "surface": "asphalt"
        },
        "geometry": {
          "type": "LineString",
          "coordinates": [
            [
              121.5088746,
              25.0295813
            ],
            [
              121.5088502,
              25.0294892
            ]
          ]
        },
        "id": "way/332551494"
      },
      {
        "type": "Feature",
        "properties": {
          "@id": "way/332551495",
          "highway": "tertiary",
          "lanes": "4",
          "lit": "yes",
          "name": "南海路",
          "name:en": "Nanhai Road",
          "name:nan": "Lâm-hái-lō͘",
          "name:nan-Hant": "南海路",
          "name:nan-Latn-pehoeji": "Lâm-hái-lō͘",
          "name:nan-Latn-tailo": "Lâm-hái-lōo",
          "name:zh": "南海路",
          "oneway": "no",
          "surface": "asphalt"
        },
        "geometry": {
          "type": "LineString",
          "coordinates": [
            [
              121.5088502,
              25.0294892
            ],
            [
              121.5088163,
              25.0294209
            ],
            [
              121.5088077,
              25.0294037
            ],
            [
              121.508767,
              25.0293217
            ],
            [
              121.5087229,
              25.0292566
            ],
            [
              121.5085402,
              25.0289873
            ]
          ]
        },
        "id": "way/332551495"
      },
      {
        "type": "Feature",
        "properties": {
          "@id": "way/332551498",
          "highway": "tertiary",
          "lit": "yes",
          "name": "東園街",
          "surface": "asphalt"
        },
        "geometry": {
          "type": "LineString",
          "coordinates": [
            [
              121.4955151,
              25.0279578
            ],
            [
              121.4954706,
              25.0280285
            ],
            [
              121.4954323,
              25.0280671
            ],
            [
              121.4953861,
              25.0280969
            ],
            [
              121.4953719,
              25.0281056
            ],
            [
              121.4952841,
              25.0281591
            ],
            [
              121.4951765,
              25.0282029
            ]
          ]
        },
        "id": "way/332551498"
      },
      {
        "type": "Feature",
        "properties": {
          "@id": "way/334852288",
          "highway": "tertiary",
          "lit": "yes",
          "name": "中華路二段",
          "name:en": "Zhonghua Road Section 2",
          "name:nan": "Tiong-hôa-lō͘ 2-tōaⁿ",
          "name:nan-Hant": "中華路二段",
          "name:nan-Latn-pehoeji": "Tiong-hôa-lō͘ 2-tōaⁿ",
          "name:nan-Latn-tailo": "Tiong-huâ-lōo 2-tuānn",
          "name:zh": "中華路二段",
          "oneway": "no",
          "surface": "asphalt"
        },
        "geometry": {
          "type": "LineString",
          "coordinates": [
            [
              121.5101381,
              25.0246495
            ],
            [
              121.5102976,
              25.0246073
            ],
            [
              121.5108102,
              25.0244715
            ],
            [
              121.5108627,
              25.0244576
            ],
            [
              121.5111485,
              25.0243819
            ],
            [
              121.5113999,
              25.0243152
            ],
            [
              121.5119173,
              25.0241781
            ],
            [
              121.5120249,
              25.024144
            ],
            [
              121.5120619,
              25.0241436
            ],
            [
              121.5122438,
              25.0241414
            ]
          ]
        },
        "id": "way/334852288"
      },
      {
        "type": "Feature",
        "properties": {
          "@id": "way/340443875",
          "highway": "tertiary",
          "name": "文化路二段",
          "oneway": "yes"
        },
        "geometry": {
          "type": "LineString",
          "coordinates": [
            [
              121.4811712,
              25.0360847
            ],
            [
              121.4809193,
              25.0360763
            ],
            [
              121.4796585,
              25.0361219
            ],
            [
              121.4792047,
              25.0361174
            ],
            [
              121.4787049,
              25.0360912
            ],
            [
              121.4782544,
              25.0360297
            ],
            [
              121.4778824,
              25.0359098
            ],
            [
              121.4776515,
              25.0358114
            ],
            [
              121.4773287,
              25.035642
            ],
            [
              121.4770298,
              25.0354135
            ],
            [
              121.4769332,
              25.0353099
            ],
            [
              121.47684,
              25.0351918
            ],
            [
              121.4767785,
              25.0351336
            ]
          ]
        },
        "id": "way/340443875"
      },
      {
        "type": "Feature",
        "properties": {
          "@id": "way/354792243",
          "cycleway:both": "no",
          "highway": "tertiary",
          "name": "環河西路一段",
          "name:en": "Section 1, Huanhe West Road",
          "name:zh": "環河西路一段",
          "oneway": "yes",
          "sidewalk": "no",
          "surface": "asphalt"
        },
        "geometry": {
          "type": "LineString",
          "coordinates": [
            [
              121.5158219,
              25.0180443
            ],
            [
              121.5156261,
              25.0180516
            ],
            [
              121.515331,
              25.0180832
            ],
            [
              121.5145291,
              25.0181683
            ],
            [
              121.5142149,
              25.0181911
            ],
            [
              121.5138528,
              25.0181903
            ],
            [
              121.5134162,
              25.0181773
            ],
            [
              121.5125908,
              25.0180936
            ],
            [
              121.5118161,
              25.017912
            ],
            [
              121.5111882,
              25.0177482
            ]
          ]
        },
        "id": "way/354792243"
      },
      {
        "type": "Feature",
        "properties": {
          "@id": "way/354792244",
          "foot": "no",
          "highway": "tertiary",
          "lanes": "1",
          "lit": "yes",
          "name": "環河西路二段",
          "name:en": "Section 2, Huanhe West Road",
          "name:zh": "環河西路二段",
          "oneway": "yes",
          "sidewalk": "no",
          "surface": "asphalt"
        },
        "geometry": {
          "type": "LineString",
          "coordinates": [
            [
              121.502715,
              25.0116896
            ],
            [
              121.5004248,
              25.009838
            ],
            [
              121.499519,
              25.0091944
            ],
            [
              121.4988104,
              25.0088003
            ]
          ]
        },
        "id": "way/354792244"
      },
      {
        "type": "Feature",
        "properties": {
          "@id": "way/362963380",
          "highway": "tertiary",
          "lit": "yes",
          "name": "中華路二段",
          "name:en": "Zhonghua Road Section 2",
          "name:nan": "Tiong-hôa-lō͘ 2-tōaⁿ",
          "name:nan-Hant": "中華路二段",
          "name:nan-Latn-pehoeji": "Tiong-hôa-lō͘ 2-tōaⁿ",
          "name:nan-Latn-tailo": "Tiong-huâ-lōo 2-tuānn",
          "name:zh": "中華路二段",
          "oneway": "no",
          "surface": "asphalt"
        },
        "geometry": {
          "type": "LineString",
          "coordinates": [
            [
              121.5052647,
              25.0333566
            ],
            [
              121.5052041,
              25.0332499
            ],
            [
              121.5051075,
              25.03308
            ],
            [
              121.5050726,
              25.03302
            ],
            [
              121.5050143,
              25.0329113
            ],
            [
              121.5049653,
              25.0328176
            ],
            [
              121.5049242,
              25.0327458
            ],
            [
              121.5049013,
              25.0327058
            ],
            [
              121.5048671,
              25.0326398
            ],
            [
              121.5048343,
              25.0325759
            ],
            [
              121.5047238,
              25.0323693
            ],
            [
              121.5046974,
              25.0323267
            ],
            [
              121.5046764,
              25.0322879
            ],
            [
              121.5045755,
              25.0321085
            ],
            [
              121.5044437,
              25.031874
            ],
            [
              121.5042058,
              25.0313749
            ],
            [
              121.5041645,
              25.0312883
            ]
          ]
        },
        "id": "way/362963380"
      },
      {
        "type": "Feature",
        "properties": {
          "@id": "way/364222417",
          "highway": "tertiary",
          "name": "文化路二段505巷",
          "oneway": "yes"
        },
        "geometry": {
          "type": "LineString",
          "coordinates": [
            [
              121.4761572,
              25.0342943
            ],
            [
              121.4762719,
              25.0342242
            ]
          ]
        },
        "id": "way/364222417"
      },
      {
        "type": "Feature",
        "properties": {
          "@id": "way/367088176",
          "highway": "tertiary",
          "lit": "yes",
          "name": "康定路",
          "name:en": "Kangding Road",
          "name:zh": "康定路",
          "oneway": "no",
          "surface": "asphalt"
        },
        "geometry": {
          "type": "LineString",
          "coordinates": [
            [
              121.5012106,
              25.0351759
            ],
            [
              121.5012267,
              25.0352789
            ]
          ]
        },
        "id": "way/367088176"
      },
      {
        "type": "Feature",
        "properties": {
          "@id": "way/375486275",
          "highway": "tertiary",
          "lanes": "2",
          "lit": "yes",
          "maxspeed:type": "TW:urban",
          "name": "西園路一段",
          "name:en": "Xiyuan Road Section 1",
          "name:nan": "Se-hn̂g-lō͘ 1-tōaⁿ",
          "name:nan-Latn-pehoeji": "Se-hn̂g-lō͘ 1-tōaⁿ",
          "name:nan-Latn-tailo": "Se-hn̂g-lōo 1-tuannq",
          "name:zh": "西園路一段",
          "oneway": "yes",
          "sidewalk:left": "no",
          "sidewalk:right": "separate",
          "surface": "asphalt"
        },
        "geometry": {
          "type": "LineString",
          "coordinates": [
            [
              121.4993769,
              25.0366868
            ],
            [
              121.4993354,
              25.036597
            ],
            [
              121.4993316,
              25.0365457
            ],
            [
              121.4993316,
              25.0364241
            ],
            [
              121.4993239,
              25.0362427
            ],
            [
              121.4993239,
              25.0361321
            ],
            [
              121.4993189,
              25.035806
            ],
            [
              121.499321,
              25.0357415
            ],
            [
              121.4993175,
              25.0355196
            ],
            [
              121.499317,
              25.035462
            ],
            [
              121.4992987,
              25.03534
            ]
          ]
        },
        "id": "way/375486275"
      },
      {
        "type": "Feature",
        "properties": {
          "@id": "way/385172979",
          "highway": "tertiary",
          "name": "環河西路四段",
          "name:en": "Huanhe West Road Section 4",
          "name:zh": "環河西路四段",
          "oneway": "yes",
          "surface": "asphalt"
        },
        "geometry": {
          "type": "LineString",
          "coordinates": [
            [
              121.4855598,
              25.0224498
            ],
            [
              121.4855222,
              25.0225454
            ],
            [
              121.4851977,
              25.0234398
            ],
            [
              121.4849375,
              25.0241811
            ],
            [
              121.4846371,
              25.0250463
            ],
            [
              121.4844628,
              25.0254984
            ],
            [
              121.484271,
              25.0260724
            ],
            [
              121.4841159,
              25.0264772
            ],
            [
              121.4839357,
              25.026949
            ],
            [
              121.4836795,
              25.0275859
            ],
            [
              121.4836139,
              25.0277506
            ]
          ]
        },
        "id": "way/385172979"
      },
      {
        "type": "Feature",
        "properties": {
          "@id": "way/413548165",
          "highway": "tertiary",
          "name": "萬板路",
          "name:nan": "Bān-pang-lō͘",
          "name:nan-Hant": "萬枋路",
          "name:nan-Latn-pehoeji": "Bān-pang-lō͘",
          "name:nan-Latn-tailo": "Bān-pang-lōo",
          "name:zh": "萬板路",
          "oneway": "yes",
          "surface": "asphalt"
        },
        "geometry": {
          "type": "LineString",
          "coordinates": [
            [
              121.4828635,
              25.0273444
            ],
            [
              121.4830321,
              25.0273947
            ],
            [
              121.4835109,
              25.0275324
            ],
            [
              121.4836795,
              25.0275859
            ]
          ]
        },
        "id": "way/413548165"
      },
      {
        "type": "Feature",
        "properties": {
          "@id": "way/413548166",
          "highway": "tertiary",
          "lit": "yes",
          "name": "萬板路",
          "name:nan": "Bān-pang-lō͘",
          "name:nan-Hant": "萬枋路",
          "name:nan-Latn-pehoeji": "Bān-pang-lō͘",
          "name:nan-Latn-tailo": "Bān-pang-lōo",
          "name:zh": "萬板路",
          "oneway": "yes",
          "surface": "asphalt"
        },
        "geometry": {
          "type": "LineString",
          "coordinates": [
            [
              121.4826911,
              25.0277385
            ],
            [
              121.4823057,
              25.0276186
            ],
            [
              121.4821247,
              25.0275664
            ],
            [
              121.4820685,
              25.0275448
            ],
            [
              121.4818834,
              25.0274859
            ],
            [
              121.4816691,
              25.0274177
            ],
            [
              121.4815092,
              25.0273462
            ]
          ]
        },
        "id": "way/413548166"
      },
      {
        "type": "Feature",
        "properties": {
          "@id": "way/413548167",
          "highway": "tertiary",
          "name": "萬板路",
          "name:nan": "Bān-pang-lō͘",
          "name:nan-Hant": "萬枋路",
          "name:nan-Latn-pehoeji": "Bān-pang-lō͘",
          "name:nan-Latn-tailo": "Bān-pang-lōo",
          "name:zh": "萬板路",
          "oneway": "yes",
          "surface": "asphalt"
        },
        "geometry": {
          "type": "LineString",
          "coordinates": [
            [
              121.4785391,
              25.025466
            ],
            [
              121.4789628,
              25.0254855
            ],
            [
              121.4791153,
              25.0255304
            ],
            [
              121.4792077,
              25.0255692
            ],
            [
              121.4792602,
              25.0255912
            ],
            [
              121.4793534,
              25.0256402
            ],
            [
              121.47951,
              25.0257614
            ],
            [
              121.4796717,
              25.0258676
            ],
            [
              121.4799403,
              25.026053
            ],
            [
              121.4799931,
              25.0260884
            ]
          ]
        },
        "id": "way/413548167"
      },
      {
        "type": "Feature",
        "properties": {
          "@id": "way/414184500",
          "highway": "tertiary",
          "name": "西藏路",
          "name:en": "Xizang Road",
          "name:nan": "Se-chông-lō͘",
          "name:nan-Hant": "西藏路",
          "name:nan-Latn-pehoeji": "Se-chông-lō͘",
          "name:nan-Latn-tailo": "Se-tsông-lōo",
          "name:zh": "西藏路",
          "oneway": "yes"
        },
        "geometry": {
          "type": "LineString",
          "coordinates": [
            [
              121.4957096,
              25.0287555
            ],
            [
              121.495598,
              25.0287832
            ]
          ]
        },
        "id": "way/414184500"
      },
      {
        "type": "Feature",
        "properties": {
          "@id": "way/414184501",
          "highway": "tertiary",
          "lit": "yes",
          "name": "西藏路",
          "name:en": "Xizang Road",
          "name:nan": "Se-chông-lō͘",
          "name:nan-Hant": "西藏路",
          "name:nan-Latn-pehoeji": "Se-chông-lō͘",
          "name:nan-Latn-tailo": "Se-tsông-lōo",
          "name:zh": "西藏路",
          "oneway": "yes",
          "surface": "asphalt"
        },
        "geometry": {
          "type": "LineString",
          "coordinates": [
            [
              121.4955484,
              25.0286846
            ],
            [
              121.4956559,
              25.0286487
            ]
          ]
        },
        "id": "way/414184501"
      },
      {
        "type": "Feature",
        "properties": {
          "@id": "way/414194142",
          "highway": "tertiary",
          "oneway": "yes"
        },
        "geometry": {
          "type": "LineString",
          "coordinates": [
            [
              121.4764992,
              25.0349365
            ],
            [
              121.4760847,
              25.0347711
            ],
            [
              121.4758279,
              25.0346941
            ]
          ]
        },
        "id": "way/414194142"
      },
      {
        "type": "Feature",
        "properties": {
          "@id": "way/416147058",
          "highway": "tertiary",
          "lit": "yes",
          "name": "中正路",
          "name:en": "Zhongzheng Road",
          "name:zh": "中正路",
          "oneway": "yes",
          "surface": "asphalt"
        },
        "geometry": {
          "type": "LineString",
          "coordinates": [
            [
              121.4845851,
              25.0046471
            ],
            [
              121.484478,
              25.0048851
            ],
            [
              121.4844446,
              25.0049723
            ]
          ]
        },
        "id": "way/416147058"
      },
      {
        "type": "Feature",
        "properties": {
          "@id": "way/492887845",
          "highway": "tertiary",
          "lit": "yes",
          "name": "三民路二段",
          "name:en": "Section 2, Sanmin Road",
          "name:nan": "Sam-bîn-lō͘ 2-tōaⁿ",
          "name:nan-Hant": "三民路二段",
          "name:nan-Latn-pehoeji": "Sam-bîn-lō͘ 2-tōaⁿ",
          "name:nan-Latn-tailo": "Sam-bîn-lōo 2-tuānn",
          "name:zh": "三民路二段",
          "oneway": "yes",
          "ref": "北91",
          "ref:en": "TP91",
          "ref:zh": "北91",
          "surface": "asphalt"
        },
        "geometry": {
          "type": "LineString",
          "coordinates": [
            [
              121.478944,
              25.0133902
            ],
            [
              121.4789337,
              25.0132616
            ]
          ]
        },
        "id": "way/492887845"
      },
      {
        "type": "Feature",
        "properties": {
          "@id": "way/492887851",
          "highway": "tertiary",
          "lit": "yes",
          "name": "三民路二段",
          "name:en": "Section 2, Sanmin Road",
          "name:nan": "Sam-bîn-lō͘ 2-tōaⁿ",
          "name:nan-Hant": "三民路二段",
          "name:nan-Latn-pehoeji": "Sam-bîn-lō͘ 2-tōaⁿ",
          "name:nan-Latn-tailo": "Sam-bîn-lōo 2-tuānn",
          "name:zh": "三民路二段",
          "oneway": "yes",
          "ref": "北91",
          "ref:en": "TP91",
          "ref:zh": "北91",
          "surface": "asphalt"
        },
        "geometry": {
          "type": "LineString",
          "coordinates": [
            [
              121.4790586,
              25.0132787
            ],
            [
              121.4790659,
              25.0133826
            ],
            [
              121.4790679,
              25.0134097
            ],
            [
              121.4791119,
              25.0139966
            ],
            [
              121.479139,
              25.0143386
            ],
            [
              121.4791752,
              25.0148909
            ],
            [
              121.4791792,
              25.0149516
            ],
            [
              121.479184,
              25.0150127
            ],
            [
              121.4792299,
              25.0156033
            ],
            [
              121.4792644,
              25.015948
            ],
            [
              121.4792917,
              25.0163154
            ],
            [
              121.4793238,
              25.0166249
            ],
            [
              121.4793278,
              25.0166626
            ],
            [
              121.4793274,
              25.0167175
            ],
            [
              121.4793187,
              25.0179483
            ],
            [
              121.4793185,
              25.0179808
            ],
            [
              121.479317,
              25.0180243
            ],
            [
              121.479311,
              25.0181634
            ],
            [
              121.4793006,
              25.0184723
            ],
            [
              121.4792914,
              25.0186587
            ],
            [
              121.4792889,
              25.0187805
            ]
          ]
        },
        "id": "way/492887851"
      },
      {
        "type": "Feature",
        "properties": {
          "@id": "way/492887856",
          "highway": "tertiary",
          "lit": "yes",
          "name": "三民路二段",
          "name:en": "Section 2, Sanmin Road",
          "name:nan": "Sam-bîn-lō͘ 2-tōaⁿ",
          "name:nan-Hant": "三民路二段",
          "name:nan-Latn-pehoeji": "Sam-bîn-lō͘ 2-tōaⁿ",
          "name:nan-Latn-tailo": "Sam-bîn-lōo 2-tuānn",
          "name:zh": "三民路二段",
          "oneway": "yes",
          "ref": "北91",
          "ref:en": "TP91",
          "ref:zh": "北91",
          "surface": "asphalt"
        },
        "geometry": {
          "type": "LineString",
          "coordinates": [
            [
              121.4789337,
              25.0132616
            ],
            [
              121.4789173,
              25.0130778
            ],
            [
              121.4789087,
              25.0127457
            ],
            [
              121.4788972,
              25.0125842
            ],
            [
              121.4788928,
              25.0125263
            ],
            [
              121.4788891,
              25.0124652
            ],
            [
              121.4788361,
              25.0119504
            ],
            [
              121.4788072,
              25.01167
            ],
            [
              121.4787691,
              25.0113908
            ],
            [
              121.4787644,
              25.011245
            ],
            [
              121.4787619,
              25.0111681
            ],
            [
              121.4787957,
              25.0109365
            ]
          ]
        },
        "id": "way/492887856"
      },
      {
        "type": "Feature",
        "properties": {
          "@id": "way/532137731",
          "highway": "tertiary",
          "lit": "yes",
          "name": "康定路",
          "name:en": "Kangding Road",
          "name:nan": "Khong-tēng-lō͘",
          "name:nan-Hant": "康定路",
          "name:nan-Latn-pehoeji": "Khong-tēng-lō͘",
          "name:nan-Latn-tailo": "Khong-tīng-lōo",
          "name:zh": "康定路",
          "oneway": "no",
          "surface": "asphalt"
        },
        "geometry": {
          "type": "LineString",
          "coordinates": [
            [
              121.5008301,
              25.0337118
            ],
            [
              121.5009987,
              25.0340403
            ],
            [
              121.5010299,
              25.0341061
            ],
            [
              121.5010427,
              25.0341506
            ],
            [
              121.5010726,
              25.0343383
            ],
            [
              121.5011074,
              25.0345433
            ],
            [
              121.5011201,
              25.0346191
            ],
            [
              121.5011251,
              25.0346478
            ],
            [
              121.5011969,
              25.0350487
            ],
            [
              121.5012106,
              25.0351759
            ]
          ]
        },
        "id": "way/532137731"
      },
      {
        "type": "Feature",
        "properties": {
          "@id": "way/555368793",
          "highway": "tertiary",
          "lit": "yes",
          "name": "連城路",
          "name:en": "Liancheng Road",
          "name:zh": "連城路",
          "oneway": "no",
          "ref": "北88",
          "ref:en": "TP88",
          "ref:zh": "北88",
          "surface": "asphalt"
        },
        "geometry": {
          "type": "LineString",
          "coordinates": [
            [
              121.4991199,
              25.0022992
            ],
            [
              121.4992898,
              25.002375
            ],
            [
              121.4993895,
              25.0024486
            ],
            [
              121.4994951,
              25.0025979
            ]
          ]
        },
        "id": "way/555368793"
      },
      {
        "type": "Feature",
        "properties": {
          "@id": "way/555368797",
          "cycleway:right": "separate",
          "highway": "tertiary",
          "lanes": "4",
          "lit": "yes",
          "name": "南海路",
          "name:en": "Nanhai Road",
          "name:nan": "Lâm-hái-lō͘",
          "name:nan-Hant": "南海路",
          "name:nan-Latn-pehoeji": "Lâm-hái-lō͘",
          "name:nan-Latn-tailo": "Lâm-hái-lōo",
          "name:zh": "南海路",
          "oneway": "yes",
          "smoothness": "good",
          "surface": "asphalt"
        },
        "geometry": {
          "type": "LineString",
          "coordinates": [
            [
              121.5143567,
              25.0318972
            ],
            [
              121.5143276,
              25.0318878
            ],
            [
              121.5142139,
              25.0318511
            ],
            [
              121.5137795,
              25.0317418
            ],
            [
              121.5136463,
              25.0317089
            ]
          ]
        },
        "id": "way/555368797"
      },
      {
        "type": "Feature",
        "properties": {
          "@id": "way/588324867",
          "highway": "tertiary",
          "lanes": "2",
          "lit": "yes",
          "name": "中正路",
          "name:en": "Zhongzheng Road",
          "name:zh": "中正路",
          "oneway": "yes",
          "ref:en": "106A",
          "ref:zh": "106甲",
          "surface": "asphalt"
        },
        "geometry": {
          "type": "LineString",
          "coordinates": [
            [
              121.4854446,
              24.9962773
            ],
            [
              121.4854417,
              24.9963374
            ],
            [
              121.4854256,
              24.9966745
            ]
          ]
        },
        "id": "way/588324867"
      },
      {
        "type": "Feature",
        "properties": {
          "@id": "way/601006299",
          "highway": "tertiary",
          "lit": "yes",
          "name": "東園街",
          "name:en": "Dongyuan Street",
          "name:zh": "東園街",
          "surface": "asphalt"
        },
        "geometry": {
          "type": "LineString",
          "coordinates": [
            [
              121.4986246,
              25.0215947
            ],
            [
              121.4985561,
              25.0216433
            ],
            [
              121.4984718,
              25.021703
            ],
            [
              121.498418,
              25.0217739
            ]
          ]
        },
        "id": "way/601006299"
      },
      {
        "type": "Feature",
        "properties": {
          "@id": "way/685311164",
          "highway": "tertiary",
          "lit": "yes",
          "name": "西藏路",
          "name:en": "Xizang Road",
          "name:nan": "Se-chông-lō͘",
          "name:nan-Hant": "西藏路",
          "name:nan-Latn-pehoeji": "Se-chông-lō͘",
          "name:nan-Latn-tailo": "Se-tsông-lōo",
          "name:zh": "西藏路",
          "oneway": "yes",
          "surface": "asphalt"
        },
        "geometry": {
          "type": "LineString",
          "coordinates": [
            [
              121.4914977,
              25.029053
            ],
            [
              121.4917193,
              25.0287974
            ]
          ]
        },
        "id": "way/685311164"
      },
      {
        "type": "Feature",
        "properties": {
          "@id": "way/711881194",
          "highway": "tertiary",
          "lit": "yes",
          "name": "中正路",
          "name:en": "Zhongzheng Road",
          "name:zh": "中正路",
          "oneway": "yes",
          "surface": "asphalt"
        },
        "geometry": {
          "type": "LineString",
          "coordinates": [
            [
              121.4852883,
              24.9985951
            ],
            [
              121.4852036,
              25.0001118
            ],
            [
              121.4852039,
              25.0001741
            ],
            [
              121.4851999,
              25.0002212
            ],
            [
              121.4851383,
              25.0009465
            ],
            [
              121.4851136,
              25.0013092
            ],
            [
              121.4850397,
              25.0021934
            ],
            [
              121.4848172,
              25.0037431
            ],
            [
              121.484729,
              25.0041584
            ],
            [
              121.4845851,
              25.0046471
            ]
          ]
        },
        "id": "way/711881194"
      },
      {
        "type": "Feature",
        "properties": {
          "@id": "way/711881197",
          "highway": "tertiary",
          "lanes": "3",
          "lit": "yes",
          "name": "中正路",
          "name:en": "Zhongzheng Road",
          "name:zh": "中正路",
          "oneway": "yes",
          "surface": "asphalt"
        },
        "geometry": {
          "type": "LineString",
          "coordinates": [
            [
              121.4851046,
              24.9967723
            ],
            [
              121.485118,
              24.9965158
            ]
          ]
        },
        "id": "way/711881197"
      },
      {
        "type": "Feature",
        "properties": {
          "@id": "way/713597837",
          "highway": "tertiary",
          "name": "環河南路二段"
        },
        "geometry": {
          "type": "LineString",
          "coordinates": [
            [
              121.4889721,
              25.0285498
            ],
            [
              121.4890859,
              25.0285693
            ]
          ]
        },
        "id": "way/713597837"
      },
      {
        "type": "Feature",
        "properties": {
          "@id": "way/713597838",
          "highway": "tertiary",
          "lit": "yes",
          "name": "環河南路二段",
          "name:en": "Huanhe South Road Section 2",
          "name:nan": "Khoân-hô Lâm-lō͘ 2-tōaⁿ",
          "name:nan-Hant": "環河南路二段",
          "name:nan-Latn-pehoeji": "Khoân-hô Lâm-lō͘ 2-tōaⁿ",
          "name:nan-Latn-tailo": "Khuân-hô Lâm-lōo 2-tuānn",
          "name:zh": "環河南路二段",
          "oneway": "yes",
          "surface": "asphalt"
        },
        "geometry": {
          "type": "LineString",
          "coordinates": [
            [
              121.4890859,
              25.0285693
            ],
            [
              121.4890543,
              25.0287445
            ],
            [
              121.4890564,
              25.028889
            ],
            [
              121.4890766,
              25.0290408
            ],
            [
              121.4891309,
              25.0292608
            ],
            [
              121.4892054,
              25.0294571
            ],
            [
              121.489317,
              25.0296492
            ],
            [
              121.4897722,
              25.0301546
            ],
            [
              121.4899094,
              25.0303007
            ],
            [
              121.4901231,
              25.0305482
            ],
            [
              121.4902727,
              25.030716
            ],
            [
              121.4906483,
              25.0311373
            ],
            [
              121.4907318,
              25.0312335
            ],
            [
              121.4907934,
              25.0313046
            ]
          ]
        },
        "id": "way/713597838"
      },
      {
        "type": "Feature",
        "properties": {
          "@id": "way/713760120",
          "highway": "tertiary",
          "lit": "yes",
          "name": "西藏路",
          "name:en": "Xizang Road",
          "name:nan": "Se-chông-lō͘",
          "name:nan-Hant": "西藏路",
          "name:nan-Latn-pehoeji": "Se-chông-lō͘",
          "name:nan-Latn-tailo": "Se-tsông-lōo",
          "name:zh": "西藏路",
          "oneway": "yes",
          "surface": "asphalt"
        },
        "geometry": {
          "type": "LineString",
          "coordinates": [
            [
              121.491788,
              25.028856
            ],
            [
              121.4916942,
              25.0289686
            ],
            [
              121.4915635,
              25.0291108
            ]
          ]
        },
        "id": "way/713760120"
      },
      {
        "type": "Feature",
        "properties": {
          "@id": "way/713760123",
          "highway": "tertiary",
          "lit": "yes",
          "name": "西藏路",
          "name:en": "Xizang Road",
          "name:nan": "Se-chông-lō͘",
          "name:nan-Hant": "西藏路",
          "name:nan-Latn-pehoeji": "Se-chông-lō͘",
          "name:nan-Latn-tailo": "Se-tsông-lōo",
          "name:zh": "西藏路",
          "oneway": "yes",
          "surface": "asphalt"
        },
        "geometry": {
          "type": "LineString",
          "coordinates": [
            [
              121.4917193,
              25.0287974
            ],
            [
              121.4918018,
              25.0287327
            ],
            [
              121.4920817,
              25.0285239
            ],
            [
              121.4921239,
              25.0284982
            ],
            [
              121.4921641,
              25.0284726
            ],
            [
              121.4923109,
              25.0284188
            ],
            [
              121.492431,
              25.0284103
            ],
            [
              121.4924902,
              25.0284137
            ],
            [
              121.4927333,
              25.0284276
            ],
            [
              121.4929838,
              25.0284632
            ],
            [
              121.4931235,
              25.0284831
            ],
            [
              121.4933248,
              25.0285117
            ],
            [
              121.4933753,
              25.0285189
            ]
          ]
        },
        "id": "way/713760123"
      },
      {
        "type": "Feature",
        "properties": {
          "@id": "way/713760125",
          "highway": "tertiary",
          "lit": "yes",
          "name": "西藏路",
          "name:en": "Xizang Road",
          "name:nan": "Se-chông-lō͘",
          "name:nan-Hant": "西藏路",
          "name:nan-Latn-pehoeji": "Se-chông-lō͘",
          "name:nan-Latn-tailo": "Se-tsông-lōo",
          "name:zh": "西藏路",
          "oneway": "yes",
          "surface": "asphalt"
        },
        "geometry": {
          "type": "LineString",
          "coordinates": [
            [
              121.4915635,
              25.0291108
            ],
            [
              121.4914862,
              25.0291738
            ],
            [
              121.491468,
              25.0291886
            ]
          ]
        },
        "id": "way/713760125"
      },
      {
        "type": "Feature",
        "properties": {
          "@id": "way/713760126",
          "highway": "tertiary",
          "lit": "yes",
          "name": "西藏路",
          "name:en": "Xizang Road",
          "name:nan": "Se-chông-lō͘",
          "name:nan-Hant": "西藏路",
          "name:nan-Latn-pehoeji": "Se-chông-lō͘",
          "name:nan-Latn-tailo": "Se-tsông-lōo",
          "name:zh": "西藏路",
          "oneway": "yes",
          "surface": "asphalt"
        },
        "geometry": {
          "type": "LineString",
          "coordinates": [
            [
              121.491468,
              25.0291886
            ],
            [
              121.491249,
              25.0294136
            ]
          ]
        },
        "id": "way/713760126"
      },
      {
        "type": "Feature",
        "properties": {
          "@id": "way/713760127",
          "highway": "tertiary",
          "lit": "yes",
          "name": "西藏路",
          "name:en": "Xizang Road",
          "name:nan": "Se-chông-lō͘",
          "name:nan-Hant": "西藏路",
          "name:nan-Latn-pehoeji": "Se-chông-lō͘",
          "name:nan-Latn-tailo": "Se-tsông-lōo",
          "name:zh": "西藏路",
          "oneway": "yes",
          "surface": "asphalt"
        },
        "geometry": {
          "type": "LineString",
          "coordinates": [
            [
              121.4914108,
              25.0291361
            ],
            [
              121.4914241,
              25.0291234
            ],
            [
              121.4914977,
              25.029053
            ]
          ]
        },
        "id": "way/713760127"
      },
      {
        "type": "Feature",
        "properties": {
          "@id": "way/762683030",
          "highway": "tertiary",
          "lanes": "2",
          "lit": "yes",
          "name": "萬板路",
          "name:nan": "Bān-pang-lō͘",
          "name:nan-Hant": "萬枋路",
          "name:nan-Latn-pehoeji": "Bān-pang-lō͘",
          "name:nan-Latn-tailo": "Bān-pang-lōo",
          "name:zh": "萬板路",
          "oneway": "yes",
          "surface": "asphalt"
        },
        "geometry": {
          "type": "LineString",
          "coordinates": [
            [
              121.4698612,
              25.0205986
            ],
            [
              121.469563,
              25.020439
            ]
          ]
        },
        "id": "way/762683030"
      },
      {
        "type": "Feature",
        "properties": {
          "@id": "way/833538237",
          "highway": "tertiary",
          "name": "莒光路",
          "name:en": "Juguang Road",
          "name:zh": "莒光路",
          "oneway": "no"
        },
        "geometry": {
          "type": "LineString",
          "coordinates": [
            [
              121.4674645,
              24.9935339
            ],
            [
              121.4686728,
              24.9944911
            ],
            [
              121.4689709,
              24.9947366
            ],
            [
              121.4690381,
              24.9947985
            ],
            [
              121.4692556,
              24.9950073
            ],
            [
              121.4692744,
              24.9950253
            ],
            [
              121.4694368,
              24.9952073
            ],
            [
              121.4695008,
              24.9952846
            ],
            [
              121.4699936,
              24.9958803
            ],
            [
              121.4700775,
              24.9959977
            ],
            [
              121.470227,
              24.9961733
            ],
            [
              121.4703773,
              24.9963489
            ],
            [
              121.470499,
              24.9964928
            ],
            [
              121.4705956,
              24.9966063
            ],
            [
              121.4715447,
              24.9977377
            ]
          ]
        },
        "id": "way/833538237"
      },
      {
        "type": "Feature",
        "properties": {
          "@id": "way/846409860",
          "alt_name:en": "Section 3, Xianmin Boulevard",
          "highway": "tertiary",
          "name": "縣民大道三段",
          "name:en": "Xianmin Boulevard Section 3",
          "name:nan": "Koān-bîn Tōa-tō",
          "name:nan-Hant": "縣民大道三段",
          "name:nan-Latn-pehoeji": "Koān-bîn Tōa-tō",
          "name:nan-Latn-tailo": "Kuān-bîn Tuā-tō",
          "name:zh": "縣民大道三段",
          "oneway": "yes"
        },
        "geometry": {
          "type": "LineString",
          "coordinates": [
            [
              121.4715405,
              25.0187276
            ],
            [
              121.4717014,
              25.0188285
            ],
            [
              121.4720172,
              25.0190264
            ],
            [
              121.4722205,
              25.0191605
            ],
            [
              121.4723936,
              25.0192766
            ],
            [
              121.4730555,
              25.019745
            ],
            [
              121.4735959,
              25.0201264
            ],
            [
              121.4741001,
              25.0204822
            ],
            [
              121.4743765,
              25.0206758
            ],
            [
              121.4760978,
              25.0219177
            ],
            [
              121.476802,
              25.0224207
            ],
            [
              121.4771887,
              25.0227192
            ],
            [
              121.4782019,
              25.0234404
            ],
            [
              121.478471,
              25.0236323
            ],
            [
              121.4785036,
              25.0236546
            ],
            [
              121.4785647,
              25.023698
            ],
            [
              121.4786465,
              25.0237609
            ],
            [
              121.478695,
              25.023793
            ],
            [
              121.479084,
              25.0240504
            ],
            [
              121.4799472,
              25.024677
            ],
            [
              121.4803074,
              25.0249355
            ]
          ]
        },
        "id": "way/846409860"
      },
      {
        "type": "Feature",
        "properties": {
          "@id": "way/846484036",
          "highway": "tertiary",
          "motorcar": "designated",
          "motorcycle": "no",
          "name": "橋和路",
          "name:en": "Qiaohe Road",
          "name:zh": "橋和路",
          "oneway": "yes",
          "surface": "asphalt"
        },
        "geometry": {
          "type": "LineString",
          "coordinates": [
            [
              121.495081,
              25.0065053
            ],
            [
              121.4947383,
              25.0064163
            ],
            [
              121.4936733,
              25.0061964
            ],
            [
              121.4935282,
              25.0061976
            ]
          ]
        },
        "id": "way/846484036"
      },
      {
        "type": "Feature",
        "properties": {
          "@id": "way/846484037",
          "highway": "tertiary",
          "name": "橋和路",
          "name:en": "Qiaohe Road",
          "name:zh": "橋和路",
          "oneway": "yes",
          "surface": "asphalt"
        },
        "geometry": {
          "type": "LineString",
          "coordinates": [
            [
              121.4882528,
              25.0050225
            ],
            [
              121.4878274,
              25.0049255
            ],
            [
              121.4876815,
              25.0049027
            ],
            [
              121.4874815,
              25.004892
            ],
            [
              121.4871127,
              25.0048963
            ]
          ]
        },
        "id": "way/846484037"
      },
      {
        "type": "Feature",
        "properties": {
          "@id": "way/846484041",
          "highway": "tertiary",
          "name": "水源路"
        },
        "geometry": {
          "type": "LineString",
          "coordinates": [
            [
              121.4958195,
              25.0166687
            ],
            [
              121.4955332,
              25.0167457
            ]
          ]
        },
        "id": "way/846484041"
      },
      {
        "type": "Feature",
        "properties": {
          "@id": "way/910702106",
          "highway": "tertiary",
          "lit": "yes",
          "name": "南寧路",
          "name:en": "Nanning Road",
          "name:nan": "Lâm-lêng-lō͘",
          "name:nan-Hant": "南寧路",
          "name:nan-Latn-pehoeji": "Lâm-lêng-lō͘",
          "name:nan-Latn-tailo": "Lâm-lîng-lōo",
          "name:zh": "南寧路",
          "note": "臺3走線目前爭議中，計畫改為南寧，但北市府反對下維持中華->和平西。請特別注意。",
          "oneway": "yes",
          "surface": "asphalt"
        },
        "geometry": {
          "type": "LineString",
          "coordinates": [
            [
              121.5050122,
              25.0367116
            ],
            [
              121.5049911,
              25.036701
            ],
            [
              121.5049387,
              25.0366816
            ],
            [
              121.5047114,
              25.036505
            ],
            [
              121.5045945,
              25.036391
            ],
            [
              121.5041373,
              25.0359445
            ],
            [
              121.5039968,
              25.0358073
            ],
            [
              121.5037985,
              25.0356137
            ],
            [
              121.5037574,
              25.0355736
            ],
            [
              121.5034858,
              25.0353084
            ],
            [
              121.5034487,
              25.0352721
            ],
            [
              121.5032557,
              25.0352135
            ]
          ]
        },
        "id": "way/910702106"
      },
      {
        "type": "Feature",
        "properties": {
          "@id": "way/910929532",
          "highway": "tertiary",
          "name": "圓通路",
          "name:en": "Yuantong Road",
          "name:zh": "圓通路",
          "ref": "北90",
          "ref:en": "TP90",
          "ref:zh": "北90"
        },
        "geometry": {
          "type": "LineString",
          "coordinates": [
            [
              121.5004837,
              24.9973739
            ],
            [
              121.5003807,
              24.9972939
            ]
          ]
        },
        "id": "way/910929532"
      },
      {
        "type": "Feature",
        "properties": {
          "@id": "way/910970333",
          "highway": "tertiary",
          "name": "橋和路",
          "name:en": "Qiaohe Road",
          "name:zh": "橋和路",
          "oneway": "yes",
          "surface": "asphalt"
        },
        "geometry": {
          "type": "LineString",
          "coordinates": [
            [
              121.4880958,
              25.0047242
            ],
            [
              121.488123,
              25.0047921
            ],
            [
              121.4881683,
              25.0048549
            ],
            [
              121.4882219,
              25.0049017
            ],
            [
              121.48831,
              25.004947
            ],
            [
              121.4897613,
              25.0052572
            ]
          ]
        },
        "id": "way/910970333"
      },
      {
        "type": "Feature",
        "properties": {
          "@id": "way/910970334",
          "highway": "tertiary",
          "name": "建一路",
          "oneway": "yes",
          "surface": "asphalt"
        },
        "geometry": {
          "type": "LineString",
          "coordinates": [
            [
              121.4880883,
              25.004616
            ],
            [
              121.4880958,
              25.0047242
            ]
          ]
        },
        "id": "way/910970334"
      },
      {
        "type": "Feature",
        "properties": {
          "@id": "way/911148993",
          "highway": "tertiary",
          "lanes": "2",
          "name": "橋和路",
          "name:en": "Qiaohe Road",
          "name:zh": "橋和路",
          "oneway": "yes",
          "surface": "asphalt"
        },
        "geometry": {
          "type": "LineString",
          "coordinates": [
            [
              121.4935282,
              25.0061976
            ],
            [
              121.4933078,
              25.0061522
            ],
            [
              121.4919989,
              25.0058684
            ],
            [
              121.4908556,
              25.0055965
            ],
            [
              121.489789,
              25.0053514
            ]
          ]
        },
        "id": "way/911148993"
      },
      {
        "type": "Feature",
        "properties": {
          "@id": "way/911191349",
          "highway": "tertiary",
          "name": "橋和路",
          "name:en": "Qiaohe Road",
          "name:zh": "橋和路",
          "oneway": "yes",
          "surface": "asphalt"
        },
        "geometry": {
          "type": "LineString",
          "coordinates": [
            [
              121.4897613,
              25.0052572
            ],
            [
              121.4898564,
              25.0052803
            ],
            [
              121.4907229,
              25.0054686
            ],
            [
              121.4909337,
              25.0055177
            ]
          ]
        },
        "id": "way/911191349"
      },
      {
        "type": "Feature",
        "properties": {
          "@id": "way/911191350",
          "highway": "tertiary",
          "name": "建一路",
          "oneway": "yes"
        },
        "geometry": {
          "type": "LineString",
          "coordinates": [
            [
              121.488094,
              24.9961646
            ],
            [
              121.4881181,
              24.9962647
            ],
            [
              121.4881672,
              24.9984978
            ],
            [
              121.4881677,
              24.998578
            ]
          ]
        },
        "id": "way/911191350"
      },
      {
        "type": "Feature",
        "properties": {
          "@id": "way/911191352",
          "highway": "tertiary",
          "lit": "yes",
          "name": "中正路",
          "name:en": "Zhongzheng Road",
          "name:zh": "中正路",
          "oneway": "yes",
          "surface": "asphalt"
        },
        "geometry": {
          "type": "LineString",
          "coordinates": [
            [
              121.4854256,
              24.9966745
            ],
            [
              121.485378,
              24.9975414
            ],
            [
              121.4853828,
              24.9975806
            ],
            [
              121.4853779,
              24.9976849
            ],
            [
              121.4852883,
              24.9985951
            ]
          ]
        },
        "id": "way/911191352"
      },
      {
        "type": "Feature",
        "properties": {
          "@id": "way/911292320",
          "alt_name:en": "Section 3, Xianmin Boulevard",
          "highway": "tertiary",
          "name": "縣民大道三段",
          "name:en": "Xianmin Boulevard Section 3",
          "name:nan": "Koān-bîn Tōa-tō",
          "name:nan-Hant": "縣民大道三段",
          "name:nan-Latn-pehoeji": "Koān-bîn Tōa-tō",
          "name:nan-Latn-tailo": "Kuān-bîn Tuā-tō",
          "name:zh": "縣民大道三段",
          "oneway": "yes"
        },
        "geometry": {
          "type": "LineString",
          "coordinates": [
            [
              121.4785028,
              25.0238783
            ],
            [
              121.4784663,
              25.0238506
            ],
            [
              121.4784138,
              25.023815
            ]
          ]
        },
        "id": "way/911292320"
      },
      {
        "type": "Feature",
        "properties": {
          "@id": "way/911292321",
          "highway": "tertiary",
          "lit": "yes",
          "name": "雙十路一段",
          "name:en": "Section 1, Shuangshi Road",
          "name:nan": "Siang-si̍p-lō͘ 1-tōaⁿ",
          "name:nan-Hant": "雙十路一段",
          "name:nan-Latn-pehoeji": "Siang-si̍p-lō͘ 1-tōaⁿ",
          "name:nan-Latn-tailo": "Siang-si̍p-lōo 1-tuānn",
          "name:zh": "雙十路一段",
          "oneway": "yes",
          "ref": "北91",
          "ref:en": "TP91",
          "ref:zh": "北91",
          "surface": "asphalt"
        },
        "geometry": {
          "type": "LineString",
          "coordinates": [
            [
              121.4784138,
              25.023815
            ],
            [
              121.4785157,
              25.023732
            ]
          ]
        },
        "id": "way/911292321"
      },
      {
        "type": "Feature",
        "properties": {
          "@id": "way/911417387",
          "highway": "tertiary",
          "lit": "yes",
          "name": "中正路",
          "name:en": "Zhongzheng Road",
          "name:zh": "中正路",
          "oneway": "yes",
          "surface": "asphalt"
        },
        "geometry": {
          "type": "LineString",
          "coordinates": [
            [
              121.4849981,
              24.9985997
            ],
            [
              121.4849991,
              24.9985828
            ],
            [
              121.4850084,
              24.9983106
            ],
            [
              121.4851046,
              24.9967723
            ]
          ]
        },
        "id": "way/911417387"
      },
      {
        "type": "Feature",
        "properties": {
          "@id": "way/911417389",
          "highway": "tertiary",
          "name": "建一路",
          "name:en": "Jian 1st Road",
          "name:zh": "建一路",
          "oneway": "yes"
        },
        "geometry": {
          "type": "LineString",
          "coordinates": [
            [
              121.488095,
              24.9985755
            ],
            [
              121.4880933,
              24.9984999
            ],
            [
              121.4880339,
              24.9962651
            ]
          ]
        },
        "id": "way/911417389"
      },
      {
        "type": "Feature",
        "properties": {
          "@id": "way/911417390",
          "highway": "tertiary",
          "lanes": "2",
          "name": "橋和路",
          "name:en": "Qiaohe Road",
          "name:zh": "橋和路",
          "oneway": "yes",
          "surface": "asphalt"
        },
        "geometry": {
          "type": "LineString",
          "coordinates": [
            [
              121.4896987,
              25.0053247
            ],
            [
              121.4882528,
              25.0050225
            ]
          ]
        },
        "id": "way/911417390"
      },
      {
        "type": "Feature",
        "properties": {
          "@id": "way/911417391",
          "highway": "tertiary",
          "name": "橋和路",
          "name:en": "Qiaohe Road",
          "name:zh": "橋和路",
          "oneway": "yes",
          "surface": "asphalt"
        },
        "geometry": {
          "type": "LineString",
          "coordinates": [
            [
              121.489789,
              25.0053514
            ],
            [
              121.4896987,
              25.0053247
            ]
          ]
        },
        "id": "way/911417391"
      },
      {
        "type": "Feature",
        "properties": {
          "@id": "way/924895400",
          "cycleway:both": "no",
          "highway": "tertiary",
          "lit": "yes",
          "name": "中山路一段",
          "name:en": "Section 1 Zhongshan Road",
          "name:zh": "中山路一段",
          "oneway": "yes",
          "ref": "北88",
          "ref:en": "TP88",
          "ref:zh": "北88",
          "surface": "asphalt"
        },
        "geometry": {
          "type": "LineString",
          "coordinates": [
            [
              121.5057063,
              25.0060147
            ],
            [
              121.5061481,
              25.0063719
            ],
            [
              121.506391,
              25.0065748
            ],
            [
              121.5069592,
              25.0070323
            ],
            [
              121.5075468,
              25.007501
            ],
            [
              121.5085076,
              25.0082769
            ]
          ]
        },
        "id": "way/924895400"
      },
      {
        "type": "Feature",
        "properties": {
          "@id": "way/971639506",
          "cycleway:right": "track",
          "cycleway:right:segregated": "no",
          "highway": "tertiary",
          "lanes": "2",
          "lit": "yes",
          "maxheight": "4.5",
          "name": "漢生東路",
          "name:en": "Hansheng East Road",
          "name:nan": "Hàn-seng Tang-lō͘",
          "name:nan-Hant": "漢生東路",
          "name:nan-Latn-pehoeji": "Hàn-seng Tang-lō͘",
          "name:nan-Latn-tailo": "Hàn-sing Tang-lōo",
          "name:zh": "漢生東路",
          "oneway": "yes",
          "sidewalk": "right",
          "surface": "asphalt"
        },
        "geometry": {
          "type": "LineString",
          "coordinates": [
            [
              121.4694284,
              25.0119969
            ],
            [
              121.4694554,
              25.011957
            ],
            [
              121.4695231,
              25.0118568
            ]
          ]
        },
        "id": "way/971639506"
      },
      {
        "type": "Feature",
        "properties": {
          "@id": "way/971639507",
          "cycleway:both": "shared_lane",
          "cycleway:both:lane": "pictogram",
          "highway": "tertiary",
          "lanes": "4",
          "maxheight": "4.5",
          "name": "區運路",
          "name:en": "Quyun Road",
          "name:nan": "Khu-ūn-lō͘",
          "name:nan-Hant": "區運路",
          "name:nan-Latn-pehoeji": "Khu-ūn-lō͘",
          "name:nan-Latn-tailo": "Khu-ūn-lōo",
          "name:zh": "區運路",
          "surface": "asphalt"
        },
        "geometry": {
          "type": "LineString",
          "coordinates": [
            [
              121.4696172,
              25.0119012
            ],
            [
              121.4695231,
              25.0118568
            ]
          ]
        },
        "id": "way/971639507"
      },
      {
        "type": "Feature",
        "properties": {
          "@id": "way/979647467",
          "cycleway:right": "no",
          "highway": "tertiary",
          "lane_markings": "no",
          "lit": "yes",
          "maxheight": "4.5",
          "name": "漢生東路",
          "name:en": "Hansheng East Road",
          "name:nan": "Hàn-seng Tang-lō͘",
          "name:nan-Hant": "漢生東路",
          "name:nan-Latn-pehoeji": "Hàn-seng Tang-lō͘",
          "name:nan-Latn-tailo": "Hàn-sing Tang-lōo",
          "name:zh": "漢生東路",
          "oneway": "yes",
          "sidewalk": "both",
          "surface": "asphalt"
        },
        "geometry": {
          "type": "LineString",
          "coordinates": [
            [
              121.4726001,
              25.0063541
            ],
            [
              121.4725666,
              25.0064331
            ],
            [
              121.4722531,
              25.0070851
            ],
            [
              121.4721919,
              25.0072125
            ]
          ]
        },
        "id": "way/979647467"
      },
      {
        "type": "Feature",
        "properties": {
          "@id": "way/979647468",
          "cycleway:right": "no",
          "highway": "tertiary",
          "lane_markings": "no",
          "maxheight": "4.5",
          "name": "漢生東路",
          "name:en": "Hansheng East Road",
          "name:nan": "Hàn-seng Tang-lō͘",
          "name:nan-Hant": "漢生東路",
          "name:nan-Latn-pehoeji": "Hàn-seng Tang-lō͘",
          "name:nan-Latn-tailo": "Hàn-sing Tang-lōo",
          "name:zh": "漢生東路",
          "oneway": "yes",
          "surface": "asphalt"
        },
        "geometry": {
          "type": "LineString",
          "coordinates": [
            [
              121.4721435,
              25.0071687
            ],
            [
              121.4722808,
              25.0068923
            ],
            [
              121.4725022,
              25.0064465
            ]
          ]
        },
        "id": "way/979647468"
      },
      {
        "type": "Feature",
        "properties": {
          "@id": "way/996015265",
          "highway": "tertiary",
          "name": "建一路",
          "oneway": "yes",
          "surface": "asphalt"
        },
        "geometry": {
          "type": "LineString",
          "coordinates": [
            [
              121.4881677,
              24.998578
            ],
            [
              121.4881655,
              24.9986424
            ],
            [
              121.4881361,
              25.0000862
            ]
          ]
        },
        "id": "way/996015265"
      },
      {
        "type": "Feature",
        "properties": {
          "@id": "way/996015266",
          "highway": "tertiary",
          "lanes": "2",
          "name": "建一路",
          "name:en": "Jian 1st Road",
          "name:zh": "建一路",
          "oneway": "yes",
          "ref": "北97",
          "ref:en": "TP97",
          "ref:zh": "北97",
          "surface": "asphalt"
        },
        "geometry": {
          "type": "LineString",
          "coordinates": [
            [
              121.4881361,
              25.0000862
            ],
            [
              121.4881344,
              25.0001445
            ],
            [
              121.4881318,
              25.0002341
            ],
            [
              121.4881246,
              25.0004543
            ]
          ]
        },
        "id": "way/996015266"
      },
      {
        "type": "Feature",
        "properties": {
          "@id": "way/1011177158",
          "highway": "tertiary",
          "lit": "yes",
          "name": "環河西路四段",
          "name:en": "Huanhe West Road Section 4",
          "name:nan": "Khoân-hô-se-lō͘ 4-tōaⁿ",
          "name:nan-Hant": "環河西路四段",
          "name:nan-Latn-pehoeji": "Khoân-hô-se-lō͘ 4-tōaⁿ",
          "name:nan-Latn-tailo": "Khuân-hô-se-lōo 4-tuānn",
          "name:zh": "環河西路四段",
          "oneway": "yes",
          "surface": "asphalt"
        },
        "geometry": {
          "type": "LineString",
          "coordinates": [
            [
              121.4659038,
              25.0342167
            ],
            [
              121.4668246,
              25.0345821
            ],
            [
              121.4681872,
              25.0351404
            ],
            [
              121.4684862,
              25.0352662
            ],
            [
              121.4687332,
              25.0354026
            ]
          ]
        },
        "id": "way/1011177158"
      },
      {
        "type": "Feature",
        "properties": {
          "@id": "way/1011177160",
          "highway": "tertiary",
          "lanes": "1",
          "moped": "no",
          "name": "環河西路四段",
          "name:en": "Huanhe West Road Section 4",
          "name:nan": "Khoân-hô-se-lō͘ 4-tōaⁿ",
          "name:nan-Hant": "環河西路四段",
          "name:nan-Latn-pehoeji": "Khoân-hô-se-lō͘ 4-tōaⁿ",
          "name:nan-Latn-tailo": "Khuân-hô-se-lōo 4-tuānn",
          "name:zh": "環河西路四段",
          "oneway": "yes",
          "surface": "asphalt"
        },
        "geometry": {
          "type": "LineString",
          "coordinates": [
            [
              121.4690935,
              25.0357602
            ],
            [
              121.4687146,
              25.035533
            ]
          ]
        },
        "id": "way/1011177160"
      },
      {
        "type": "Feature",
        "properties": {
          "@id": "way/1011177164",
          "highway": "tertiary",
          "lanes": "2",
          "name": "環河西路四段",
          "name:en": "Huanhe West Road Section 4",
          "name:nan": "Khoân-hô-se-lō͘ 4-tōaⁿ",
          "name:nan-Hant": "環河西路四段",
          "name:nan-Latn-pehoeji": "Khoân-hô-se-lō͘ 4-tōaⁿ",
          "name:nan-Latn-tailo": "Khuân-hô-se-lōo 4-tuānn",
          "name:zh": "環河西路四段",
          "oneway": "yes",
          "surface": "asphalt"
        },
        "geometry": {
          "type": "LineString",
          "coordinates": [
            [
              121.4705045,
              25.0361994
            ],
            [
              121.470388,
              25.0361727
            ],
            [
              121.4699361,
              25.0360645
            ],
            [
              121.4690935,
              25.0357602
            ]
          ]
        },
        "id": "way/1011177164"
      },
      {
        "type": "Feature",
        "properties": {
          "@id": "way/1012095403",
          "highway": "tertiary",
          "lit": "yes",
          "name": "環河南路二段",
          "name:en": "Huanhe South Road Section 2",
          "name:nan": "Khoân-hô Lâm-lō͘ 2-tōaⁿ",
          "name:nan-Hant": "環河南路二段",
          "name:nan-Latn-pehoeji": "Khoân-hô Lâm-lō͘ 2-tōaⁿ",
          "name:nan-Latn-tailo": "Khuân-hô Lâm-lōo 2-tuānn",
          "name:zh": "環河南路二段",
          "oneway": "yes",
          "surface": "asphalt",
          "wheelchair": "yes"
        },
        "geometry": {
          "type": "LineString",
          "coordinates": [
            [
              121.4943671,
              25.0354922
            ],
            [
              121.494238,
              25.0353451
            ]
          ]
        },
        "id": "way/1012095403"
      },
      {
        "type": "Feature",
        "properties": {
          "@id": "way/1014883307",
          "alt_name:en": "Section 3, Xianmin Boulevard",
          "highway": "tertiary",
          "name": "縣民大道三段",
          "name:en": "Xianmin Boulevard Section 3",
          "name:nan": "Koān-bîn Tōa-tō",
          "name:nan-Hant": "縣民大道三段",
          "name:nan-Latn-pehoeji": "Koān-bîn Tōa-tō",
          "name:nan-Latn-tailo": "Kuān-bîn Tuā-tō",
          "name:zh": "縣民大道三段",
          "oneway": "yes"
        },
        "geometry": {
          "type": "LineString",
          "coordinates": [
            [
              121.4814234,
              25.0259551
            ],
            [
              121.4813863,
              25.0258783
            ],
            [
              121.481043,
              25.0256678
            ],
            [
              121.4807724,
              25.0254946
            ],
            [
              121.4806329,
              25.0254453
            ]
          ]
        },
        "id": "way/1014883307"
      },
      {
        "type": "Feature",
        "properties": {
          "@id": "way/1019542418",
          "highway": "tertiary",
          "lanes": "2",
          "lit": "yes",
          "maxspeed:type": "TW:urban",
          "name": "西園路一段",
          "name:en": "Xiyuan Road Section 1",
          "name:nan": "Se-hn̂g-lō͘ 1-tōaⁿ",
          "name:nan-Latn-pehoeji": "Se-hn̂g-lō͘ 1-tōaⁿ",
          "name:nan-Latn-tailo": "Se-hn̂g-lōo 1-tuannq",
          "name:zh": "西園路一段",
          "oneway": "yes",
          "sidewalk": "right",
          "surface": "asphalt"
        },
        "geometry": {
          "type": "LineString",
          "coordinates": [
            [
              121.4993703,
              25.0353399
            ],
            [
              121.4993797,
              25.03546
            ],
            [
              121.4993973,
              25.0361527
            ],
            [
              121.4993984,
              25.0361775
            ],
            [
              121.4994127,
              25.0365421
            ],
            [
              121.4993769,
              25.0366868
            ]
          ]
        },
        "id": "way/1019542418"
      },
      {
        "type": "Feature",
        "properties": {
          "@id": "way/1081683696",
          "highway": "tertiary",
          "lit": "yes",
          "name": "員山路",
          "name:en": "Yuanshan Road",
          "name:zh": "員山路",
          "oneway": "yes",
          "ref": "北91",
          "ref:en": "TP91",
          "ref:zh": "北91",
          "surface": "asphalt"
        },
        "geometry": {
          "type": "LineString",
          "coordinates": [
            [
              121.4787957,
              25.0109365
            ],
            [
              121.4788513,
              25.0111229
            ],
            [
              121.4788667,
              25.0112241
            ],
            [
              121.478883,
              25.0113317
            ]
          ]
        },
        "id": "way/1081683696"
      },
      {
        "type": "Feature",
        "properties": {
          "@id": "way/1110816846",
          "highway": "tertiary",
          "name": "建一路",
          "name:en": "Jian 1st Road",
          "name:zh": "建一路",
          "oneway": "yes",
          "surface": "asphalt"
        },
        "geometry": {
          "type": "LineString",
          "coordinates": [
            [
              121.4880382,
              25.000234
            ],
            [
              121.4880422,
              25.0001468
            ],
            [
              121.4880929,
              24.9986411
            ],
            [
              121.488095,
              24.9985755
            ]
          ]
        },
        "id": "way/1110816846"
      },
      {
        "type": "Feature",
        "properties": {
          "@id": "way/1110816847",
          "highway": "tertiary",
          "lanes": "2",
          "name": "建一路",
          "name:en": "Jian 1st Road",
          "name:zh": "建一路",
          "oneway": "yes",
          "ref": "北97",
          "ref:en": "TP97",
          "ref:zh": "北97",
          "surface": "asphalt"
        },
        "geometry": {
          "type": "LineString",
          "coordinates": [
            [
              121.4880303,
              25.0004817
            ],
            [
              121.4880382,
              25.000234
            ]
          ]
        },
        "id": "way/1110816847"
      },
      {
        "type": "Feature",
        "properties": {
          "@id": "way/1188385521",
          "highway": "tertiary",
          "name": "環河西路三段",
          "oneway": "yes"
        },
        "geometry": {
          "type": "LineString",
          "coordinates": [
            [
              121.4855267,
              25.0221726
            ],
            [
              121.4855385,
              25.0221419
            ],
            [
              121.4856524,
              25.0218238
            ],
            [
              121.4857818,
              25.0214143
            ],
            [
              121.48581,
              25.0213189
            ],
            [
              121.4859337,
              25.0208458
            ],
            [
              121.4860581,
              25.0203546
            ],
            [
              121.4862318,
              25.0195677
            ],
            [
              121.4863411,
              25.0190196
            ],
            [
              121.4863951,
              25.0187263
            ]
          ]
        },
        "id": "way/1188385521"
      },
      {
        "type": "Feature",
        "properties": {
          "@id": "way/1188385522",
          "bridge": "yes",
          "highway": "tertiary",
          "layer": "1",
          "name": "環河西路三段",
          "oneway": "yes"
        },
        "geometry": {
          "type": "LineString",
          "coordinates": [
            [
              121.4863951,
              25.0187263
            ],
            [
              121.486437,
              25.0185028
            ]
          ]
        },
        "id": "way/1188385522"
      },
      {
        "type": "Feature",
        "properties": {
          "@id": "way/1188385523",
          "highway": "tertiary",
          "lanes": "2",
          "name": "環河西路三段",
          "oneway": "yes",
          "surface": "asphalt"
        },
        "geometry": {
          "type": "LineString",
          "coordinates": [
            [
              121.4864891,
              25.0187419
            ],
            [
              121.4864802,
              25.0188027
            ],
            [
              121.4864296,
              25.0190377
            ],
            [
              121.4862978,
              25.0197129
            ],
            [
              121.4861127,
              25.0205709
            ],
            [
              121.4858794,
              25.0214459
            ],
            [
              121.4857064,
              25.0220584
            ],
            [
              121.4856501,
              25.0222176
            ]
          ]
        },
        "id": "way/1188385523"
      },
      {
        "type": "Feature",
        "properties": {
          "@id": "way/1188385524",
          "bridge": "yes",
          "highway": "tertiary",
          "layer": "1",
          "name": "環河西路三段",
          "oneway": "yes"
        },
        "geometry": {
          "type": "LineString",
          "coordinates": [
            [
              121.4865251,
              25.0185313
            ],
            [
              121.4864891,
              25.0187419
            ]
          ]
        },
        "id": "way/1188385524"
      },
      {
        "type": "Feature",
        "properties": {
          "@id": "way/1245753193",
          "cycleway:both": "no",
          "foot": "no",
          "highway": "tertiary",
          "lanes": "1",
          "lit": "yes",
          "name": "保生路",
          "name:en": "Baosheng Road",
          "name:zh": "保生路",
          "oneway": "yes",
          "sidewalk": "no",
          "surface": "asphalt"
        },
        "geometry": {
          "type": "LineString",
          "coordinates": [
            [
              121.5069592,
              25.0070323
            ],
            [
              121.5069377,
              25.0071183
            ],
            [
              121.5065594,
              25.0075308
            ],
            [
              121.5065229,
              25.0075705
            ],
            [
              121.5049863,
              25.009146
            ]
          ]
        },
        "id": "way/1245753193"
      },
      {
        "type": "Feature",
        "properties": {
          "@id": "way/1246024532",
          "highway": "tertiary",
          "lit": "yes",
          "name": "中和路",
          "name:en": "Zhonghe Road",
          "name:nan": "Tiong-hô-lō͘",
          "name:nan-Hant": "中和路",
          "name:nan-Latn-pehoeji": "Tiong-hô-lō͘",
          "name:nan-Latn-tailo": "Tiong-hô-lōo",
          "name:zh": "中和路",
          "surface": "asphalt"
        },
        "geometry": {
          "type": "LineString",
          "coordinates": [
            [
              121.5053406,
              24.9997088
            ],
            [
              121.5054894,
              24.9997088
            ],
            [
              121.5059601,
              24.9996979
            ],
            [
              121.5062671,
              24.9996877
            ]
          ]
        },
        "id": "way/1246024532"
      },
      {
        "type": "Feature",
        "properties": {
          "@id": "way/1246024533",
          "highway": "tertiary",
          "lit": "yes",
          "name": "環河西路二段",
          "name:en": "Section 2, Huanhe West Road",
          "name:zh": "環河西路二段",
          "oneway": "yes",
          "sidewalk": "right",
          "surface": "asphalt"
        },
        "geometry": {
          "type": "LineString",
          "coordinates": [
            [
              121.4995836,
              25.0091113
            ],
            [
              121.5001398,
              25.009488
            ],
            [
              121.5006001,
              25.0098514
            ],
            [
              121.5011807,
              25.0103171
            ],
            [
              121.5015336,
              25.0106036
            ],
            [
              121.5018044,
              25.010823
            ],
            [
              121.5019765,
              25.0109675
            ],
            [
              121.5020959,
              25.0110638
            ],
            [
              121.5026348,
              25.0114986
            ]
          ]
        },
        "id": "way/1246024533"
      },
      {
        "type": "Feature",
        "properties": {
          "@id": "way/1246055971",
          "bridge": "yes",
          "bridge:name": "永和橋",
          "highway": "tertiary",
          "name": "永和橋",
          "ref": "北92",
          "ref:en": "TP92",
          "ref:zh": "北92"
        },
        "geometry": {
          "type": "LineString",
          "coordinates": [
            [
              121.4965497,
              25.0062305
            ],
            [
              121.496502,
              25.0060622
            ]
          ]
        },
        "id": "way/1246055971"
      },
      {
        "type": "Feature",
        "properties": {
          "@id": "way/1246055972",
          "highway": "tertiary",
          "name": "永和路",
          "ref": "北92",
          "ref:en": "TP92",
          "ref:zh": "北92"
        },
        "geometry": {
          "type": "LineString",
          "coordinates": [
            [
              121.4965019,
              25.0070142
            ],
            [
              121.4965107,
              25.0069155
            ],
            [
              121.4965286,
              25.0067522
            ],
            [
              121.4965629,
              25.0066278
            ],
            [
              121.4965745,
              25.00649
            ],
            [
              121.4965689,
              25.0063531
            ],
            [
              121.4965497,
              25.0062305
            ]
          ]
        },
        "id": "way/1246055972"
      },
      {
        "type": "Feature",
        "properties": {
          "@id": "way/1246274873",
          "highway": "tertiary",
          "name": "橋和路",
          "name:en": "Qiaohe Road",
          "name:zh": "橋和路",
          "surface": "asphalt"
        },
        "geometry": {
          "type": "LineString",
          "coordinates": [
            [
              121.4976366,
              25.007328
            ],
            [
              121.4976012,
              25.0074132
            ]
          ]
        },
        "id": "way/1246274873"
      },
      {
        "type": "Feature",
        "properties": {
          "@id": "way/1246274881",
          "highway": "tertiary",
          "name": "永和路",
          "oneway": "yes",
          "ref": "北92",
          "ref:en": "TP92",
          "ref:zh": "北92"
        },
        "geometry": {
          "type": "LineString",
          "coordinates": [
            [
              121.4963202,
              25.0078008
            ],
            [
              121.4965019,
              25.0070142
            ]
          ]
        },
        "id": "way/1246274881"
      },
      {
        "type": "Feature",
        "properties": {
          "@id": "way/1322663948",
          "highway": "tertiary",
          "lit": "yes",
          "maxspeed": "30",
          "name": "青年路",
          "name:en": "Qingnian Road",
          "name:nan": "Chheng-liân-lō͘",
          "name:nan-Hant": "青年路",
          "name:nan-Latn-pehoeji": "Chheng-liân-lō͘",
          "name:nan-Latn-tailo": "Tshing-liân-lōo",
          "name:zh": "青年路",
          "name:zh-Hans": "青年路",
          "name:zh-Hant": "青年路",
          "old_name": "克難街",
          "oneway": "no",
          "surface": "asphalt"
        },
        "geometry": {
          "type": "LineString",
          "coordinates": [
            [
              121.5039532,
              25.0201244
            ],
            [
              121.5041485,
              25.0199877
            ],
            [
              121.5041917,
              25.0199514
            ]
          ]
        },
        "id": "way/1322663948"
      },
      {
        "type": "Feature",
        "properties": {
          "@id": "way/1323132616",
          "highway": "tertiary",
          "lit": "yes",
          "name": "西藏路",
          "name:en": "Xizang Road",
          "name:nan": "Se-chông-lō͘",
          "name:nan-Hant": "西藏路",
          "name:nan-Latn-pehoeji": "Se-chông-lō͘",
          "name:nan-Latn-tailo": "Se-tsông-lōo",
          "name:zh": "西藏路",
          "oneway": "yes",
          "surface": "asphalt"
        },
        "geometry": {
          "type": "LineString",
          "coordinates": [
            [
              121.4922617,
              25.028551
            ],
            [
              121.4922134,
              25.028571
            ],
            [
              121.4921025,
              25.0286238
            ],
            [
              121.4918818,
              25.0287779
            ],
            [
              121.4918657,
              25.0287891
            ],
            [
              121.491788,
              25.028856
            ]
          ]
        },
        "id": "way/1323132616"
      },
      {
        "type": "Feature",
        "properties": {
          "@id": "way/1323132619",
          "highway": "tertiary",
          "name": "寶興街"
        },
        "geometry": {
          "type": "LineString",
          "coordinates": [
            [
              121.4937979,
              25.0268751
            ],
            [
              121.4938539,
              25.0268025
            ],
            [
              121.4940957,
              25.0264892
            ],
            [
              121.4941122,
              25.0264679
            ]
          ]
        },
        "id": "way/1323132619"
      }
    ]
  }